"","CD","cpr","cpr_num","inside_elections","inside_elections_num","crystal_ball","crystal_ball_num","avg","cpr_margin","inside_elections_margin","crystal_ball_margin","avg_margin"
"1","AK-01","Lean Republican",5,"Likely Republican",6,"Lean Republican",5,5.33333333333333,53,56,53,54
"2","AL-01","Solid Republican",7,"Solid Republican",7,"Safe Republican",7,7,60,60,60,60
"3","AL-02","Solid Republican",7,"Solid Republican",7,"Safe Republican",7,7,60,60,60,60
"4","AL-03","Solid Republican",7,"Solid Republican",7,"Safe Republican",7,7,60,60,60,60
"5","AL-04","Solid Republican",7,"Solid Republican",7,"Safe Republican",7,7,60,60,60,60
"6","AL-05","Solid Republican",7,"Solid Republican",7,"Safe Republican",7,7,60,60,60,60
"7","AL-06","Solid Republican",7,"Solid Republican",7,"Safe Republican",7,7,60,60,60,60
"8","AL-07","Solid Democratic",1,"Solid Democratic",1,"Safe Democratic",1,1,40,40,40,40
"9","AR-01","Solid Republican",7,"Solid Republican",7,"Safe Republican",7,7,60,60,60,60
"10","AR-02","Likely Republican",6,"Likely Republican",6,"Lean Republican",5,5.66666666666667,56,56,53,55
"11","AR-03","Solid Republican",7,"Solid Republican",7,"Safe Republican",7,7,60,60,60,60
"12","AR-04","Solid Republican",7,"Solid Republican",7,"Safe Republican",7,7,60,60,60,60
"13","AZ-01","Lean Democratic",3,"Lean Democratic",3,"Likely Democratic",2,2.66666666666667,47,47,44,46
"14","AZ-02","Lean Democratic",3,"Lean Democratic",3,"Likely Democratic",2,2.66666666666667,47,47,44,46
"15","AZ-03","Solid Democratic",1,"Solid Democratic",1,"Safe Democratic",1,1,40,40,40,40
"16","AZ-04","Solid Republican",7,"Solid Republican",7,"Safe Republican",7,7,60,60,60,60
"17","AZ-05","Solid Republican",7,"Solid Republican",7,"Safe Republican",7,7,60,60,60,60
"18","AZ-06","Likely Republican",6,"Solid Republican",7,"Likely Republican",6,6.33333333333333,56,60,56,57.3333333333333
"19","AZ-07","Solid Democratic",1,"Solid Democratic",1,"Safe Democratic",1,1,40,40,40,40
"20","AZ-08","Likely Republican",6,"Likely Republican",6,"Likely Republican",6,6,56,56,56,56
"21","AZ-09","Solid Democratic",1,"Solid Democratic",1,"Safe Democratic",1,1,40,40,40,40
"22","CA-01","Likely Republican",6,"Solid Republican",7,"Safe Republican",7,6.66666666666667,56,60,60,58.6666666666667
"23","CA-02","Solid Democratic",1,"Solid Democratic",1,"Safe Democratic",1,1,40,40,40,40
"24","CA-03","Solid Democratic",1,"Solid Democratic",1,"Safe Democratic",1,1,40,40,40,40
"25","CA-04","Likely Republican",6,"Likely Republican",6,"Likely Republican",6,6,56,56,56,56
"26","CA-05","Solid Democratic",1,"Solid Democratic",1,"Safe Democratic",1,1,40,40,40,40
"27","CA-06","Solid Democratic",1,"Solid Democratic",1,"Safe Democratic",1,1,40,40,40,40
"28","CA-07","Likely Democratic",2,"Solid Democratic",1,"Likely Democratic",2,1.66666666666667,44,40,44,42.6666666666667
"29","CA-08","Solid Republican",7,"Solid Republican",7,"Safe Republican",7,7,60,60,60,60
"30","CA-09","Solid Democratic",1,"Solid Democratic",1,"Safe Democratic",1,1,40,40,40,40
"31","CA-10","Toss-up",4,"Toss-up",4,"Lean Democratic",3,3.66666666666667,50,50,47,49
"32","CA-11","Solid Democratic",1,"Solid Democratic",1,"Safe Democratic",1,1,40,40,40,40
"33","CA-12","Solid Democratic",1,"Solid Democratic",1,"Safe Democratic",1,1,40,40,40,40
"34","CA-13","Solid Democratic",1,"Solid Democratic",1,"Safe Democratic",1,1,40,40,40,40
"35","CA-14","Solid Democratic",1,"Solid Democratic",1,"Safe Democratic",1,1,40,40,40,40
"36","CA-15","Solid Democratic",1,"Solid Democratic",1,"Safe Democratic",1,1,40,40,40,40
"37","CA-16","Likely Democratic",2,"Solid Democratic",1,"Likely Democratic",2,1.66666666666667,44,40,44,42.6666666666667
"38","CA-17","Solid Democratic",1,"Solid Democratic",1,"Safe Democratic",1,1,40,40,40,40
"39","CA-18","Solid Democratic",1,"Solid Democratic",1,"Safe Democratic",1,1,40,40,40,40
"40","CA-19","Solid Democratic",1,"Solid Democratic",1,"Safe Democratic",1,1,40,40,40,40
"41","CA-20","Solid Democratic",1,"Solid Democratic",1,"Safe Democratic",1,1,40,40,40,40
"42","CA-21","Likely Republican",6,"Likely Republican",6,"Lean Republican",5,5.66666666666667,56,56,53,55
"43","CA-22","Likely Republican",6,"Solid Republican",7,"Likely Republican",6,6.33333333333333,56,60,56,57.3333333333333
"44","CA-23","Solid Republican",7,"Solid Republican",7,"Safe Republican",7,7,60,60,60,60
"45","CA-24","Solid Democratic",1,"Solid Democratic",1,"Likely Democratic",2,1.33333333333333,40,40,44,41.3333333333333
"46","CA-25","Toss-up",4,"Toss-up",4,"Lean Republican",5,4.33333333333333,50,50,53,51
"47","CA-26","Solid Democratic",1,"Solid Democratic",1,"Safe Democratic",1,1,40,40,40,40
"48","CA-27","Solid Democratic",1,"Solid Democratic",1,"Safe Democratic",1,1,40,40,40,40
"49","CA-28","Solid Democratic",1,"Solid Democratic",1,"Safe Democratic",1,1,40,40,40,40
"50","CA-29","Solid Democratic",1,"Solid Democratic",1,"Safe Democratic",1,1,40,40,40,40
"51","CA-30","Solid Democratic",1,"Solid Democratic",1,"Safe Democratic",1,1,40,40,40,40
"52","CA-31","Solid Democratic",1,"Solid Democratic",1,"Safe Democratic",1,1,40,40,40,40
"53","CA-32","Solid Democratic",1,"Solid Democratic",1,"Safe Democratic",1,1,40,40,40,40
"54","CA-33","Solid Democratic",1,"Solid Democratic",1,"Safe Democratic",1,1,40,40,40,40
"55","CA-34","Solid Democratic",1,"Solid Democratic",1,"Safe Democratic",1,1,40,40,40,40
"56","CA-35","Solid Democratic",1,"Solid Democratic",1,"Safe Democratic",1,1,40,40,40,40
"57","CA-36","Solid Democratic",1,"Solid Democratic",1,"Safe Democratic",1,1,40,40,40,40
"58","CA-37","Solid Democratic",1,"Solid Democratic",1,"Safe Democratic",1,1,40,40,40,40
"59","CA-38","Solid Democratic",1,"Solid Democratic",1,"Safe Democratic",1,1,40,40,40,40
"60","CA-39","Toss-up",4,"Toss-up",4,"Lean Republican",5,4.33333333333333,50,50,53,51
"61","CA-40","Solid Democratic",1,"Solid Democratic",1,"Safe Democratic",1,1,40,40,40,40
"62","CA-41","Solid Democratic",1,"Solid Democratic",1,"Safe Democratic",1,1,40,40,40,40
"63","CA-42","Solid Republican",7,"Solid Republican",7,"Safe Republican",7,7,60,60,60,60
"64","CA-43","Solid Democratic",1,"Solid Democratic",1,"Safe Democratic",1,1,40,40,40,40
"65","CA-44","Solid Democratic",1,"Solid Democratic",1,"Safe Democratic",1,1,40,40,40,40
"66","CA-45","Toss-up",4,"Toss-up",4,"Lean Democratic",3,3.66666666666667,50,50,47,49
"67","CA-46","Solid Democratic",1,"Solid Democratic",1,"Safe Democratic",1,1,40,40,40,40
"68","CA-47","Solid Democratic",1,"Solid Democratic",1,"Safe Democratic",1,1,40,40,40,40
"69","CA-48","Toss-up",4,"Tilt Democratic",3.5,"Lean Democratic",3,3.5,50,48.5,47,48.5
"70","CA-49","Lean Democratic",3,"Lean Democratic",3,"Likely Democratic",2,2.66666666666667,47,47,44,46
"71","CA-50","Lean Republican",5,"Lean Republican",5,"Lean Republican",5,5,53,53,53,53
"72","CA-51","Solid Democratic",1,"Solid Democratic",1,"Safe Democratic",1,1,40,40,40,40
"73","CA-52","Solid Democratic",1,"Solid Democratic",1,"Safe Democratic",1,1,40,40,40,40
"74","CA-53","Solid Democratic",1,"Solid Democratic",1,"Safe Democratic",1,1,40,40,40,40
"75","CO-01","Solid Democratic",1,"Solid Democratic",1,"Safe Democratic",1,1,40,40,40,40
"76","CO-02","Solid Democratic",1,"Solid Democratic",1,"Safe Democratic",1,1,40,40,40,40
"77","CO-03","Likely Republican",6,"Solid Republican",7,"Lean Republican",5,6,56,60,53,56.3333333333333
"78","CO-04","Solid Republican",7,"Solid Republican",7,"Safe Republican",7,7,60,60,60,60
"79","CO-05","Solid Republican",7,"Solid Republican",7,"Safe Republican",7,7,60,60,60,60
"80","CO-06","Lean Democratic",3,"Tilt Democratic",3.5,"Lean Democratic",3,3.16666666666667,47,48.5,47,47.5
"81","CO-07","Solid Democratic",1,"Solid Democratic",1,"Safe Democratic",1,1,40,40,40,40
"82","CT-01","Solid Democratic",1,"Solid Democratic",1,"Safe Democratic",1,1,40,40,40,40
"83","CT-02","Solid Democratic",1,"Solid Democratic",1,"Safe Democratic",1,1,40,40,40,40
"84","CT-03","Solid Democratic",1,"Solid Democratic",1,"Safe Democratic",1,1,40,40,40,40
"85","CT-04","Solid Democratic",1,"Solid Democratic",1,"Safe Democratic",1,1,40,40,40,40
"86","CT-05","Solid Democratic",1,"Solid Democratic",1,"Safe Democratic",1,1,40,40,40,40
"87","DE-01","Solid Democratic",1,"Solid Democratic",1,"Safe Democratic",1,1,40,40,40,40
"88","FL-01","Solid Republican",7,"Solid Republican",7,"Safe Republican",7,7,60,60,60,60
"89","FL-02","Solid Republican",7,"Solid Republican",7,"Safe Republican",7,7,60,60,60,60
"90","FL-03","Solid Republican",7,"Solid Republican",7,"Safe Republican",7,7,60,60,60,60
"91","FL-04","Solid Republican",7,"Solid Republican",7,"Safe Republican",7,7,60,60,60,60
"92","FL-05","Solid Democratic",1,"Solid Democratic",1,"Safe Democratic",1,1,40,40,40,40
"93","FL-06","Lean Republican",5,"Lean Republican",5,"Lean Republican",5,5,53,53,53,53
"94","FL-07","Likely Democratic",2,"Solid Democratic",1,"Likely Democratic",2,1.66666666666667,44,40,44,42.6666666666667
"95","FL-08","Solid Republican",7,"Solid Republican",7,"Safe Republican",7,7,60,60,60,60
"96","FL-09","Solid Democratic",1,"Solid Democratic",1,"Safe Democratic",1,1,40,40,40,40
"97","FL-10","Solid Democratic",1,"Solid Democratic",1,"Safe Democratic",1,1,40,40,40,40
"98","FL-11","Solid Republican",7,"Solid Republican",7,"Safe Republican",7,7,60,60,60,60
"99","FL-12","Solid Republican",7,"Solid Republican",7,"Safe Republican",7,7,60,60,60,60
"100","FL-13","Solid Democratic",1,"Solid Democratic",1,"Safe Democratic",1,1,40,40,40,40
"101","FL-14","Solid Democratic",1,"Solid Democratic",1,"Safe Democratic",1,1,40,40,40,40
"102","FL-15","Toss-up",4,"Tilt Republican",4.5,"Lean Republican",5,4.5,50,51.5,53,51.5
"103","FL-16","Lean Republican",5,"Likely Republican",6,"Likely Republican",6,5.66666666666667,53,56,56,55
"104","FL-17","Solid Republican",7,"Solid Republican",7,"Safe Republican",7,7,60,60,60,60
"105","FL-18","Lean Republican",5,"Likely Republican",6,"Lean Republican",5,5.33333333333333,53,56,53,54
"106","FL-19","Solid Republican",7,"Solid Republican",7,"Safe Republican",7,7,60,60,60,60
"107","FL-20","Solid Democratic",1,"Solid Democratic",1,"Safe Democratic",1,1,40,40,40,40
"108","FL-21","Solid Democratic",1,"Solid Democratic",1,"Safe Democratic",1,1,40,40,40,40
"109","FL-22","Solid Democratic",1,"Solid Democratic",1,"Safe Democratic",1,1,40,40,40,40
"110","FL-23","Solid Democratic",1,"Solid Democratic",1,"Safe Democratic",1,1,40,40,40,40
"111","FL-24","Solid Democratic",1,"Solid Democratic",1,"Safe Democratic",1,1,40,40,40,40
"112","FL-25","Lean Republican",5,"Solid Republican",7,"Likely Republican",6,6,53,60,56,56.3333333333333
"113","FL-26","Toss-up",4,"Toss-up",4,"Lean Republican",5,4.33333333333333,50,50,53,51
"114","FL-27","Lean Democratic",3,"Lean Democratic",3,"Lean Democratic",3,3,47,47,47,47
"115","GA-01","Solid Republican",7,"Solid Republican",7,"Safe Republican",7,7,60,60,60,60
"116","GA-02","Solid Democratic",1,"Solid Democratic",1,"Safe Democratic",1,1,40,40,40,40
"117","GA-03","Solid Republican",7,"Solid Republican",7,"Safe Republican",7,7,60,60,60,60
"118","GA-04","Solid Democratic",1,"Solid Democratic",1,"Safe Democratic",1,1,40,40,40,40
"119","GA-05","Solid Democratic",1,"Solid Democratic",1,"Safe Democratic",1,1,40,40,40,40
"120","GA-06","Toss-up",4,"Lean Republican",5,"Lean Republican",5,4.66666666666667,50,53,53,52
"121","GA-07","Lean Republican",5,"Lean Republican",5,"Lean Republican",5,5,53,53,53,53
"122","GA-08","Solid Republican",7,"Solid Republican",7,"Safe Republican",7,7,60,60,60,60
"123","GA-09","Solid Republican",7,"Solid Republican",7,"Safe Republican",7,7,60,60,60,60
"124","GA-10","Solid Republican",7,"Solid Republican",7,"Safe Republican",7,7,60,60,60,60
"125","GA-11","Solid Republican",7,"Solid Republican",7,"Safe Republican",7,7,60,60,60,60
"126","GA-12","Solid Republican",7,"Solid Republican",7,"Safe Republican",7,7,60,60,60,60
"127","GA-13","Solid Democratic",1,"Solid Democratic",1,"Safe Democratic",1,1,40,40,40,40
"128","GA-14","Solid Republican",7,"Solid Republican",7,"Safe Republican",7,7,60,60,60,60
"129","HI-01","Solid Democratic",1,"Solid Democratic",1,"Safe Democratic",1,1,40,40,40,40
"130","HI-02","Solid Democratic",1,"Solid Democratic",1,"Safe Democratic",1,1,40,40,40,40
"131","IA-01","Lean Democratic",3,"Lean Democratic",3,"Lean Democratic",3,3,47,47,47,47
"132","IA-02","Solid Democratic",1,"Solid Democratic",1,"Safe Democratic",1,1,40,40,40,40
"133","IA-03","Toss-up",4,"Toss-up",4,"Lean Democratic",3,3.66666666666667,50,50,47,49
"134","IA-04","Lean Republican",5,"Likely Republican",6,"Lean Republican",5,5.33333333333333,53,56,53,54
"135","ID-01","Solid Republican",7,"Solid Republican",7,"Safe Republican",7,7,60,60,60,60
"136","ID-02","Solid Republican",7,"Solid Republican",7,"Safe Republican",7,7,60,60,60,60
"137","IL-01","Solid Democratic",1,"Solid Democratic",1,"Safe Democratic",1,1,40,40,40,40
"138","IL-02","Solid Democratic",1,"Solid Democratic",1,"Safe Democratic",1,1,40,40,40,40
"139","IL-03","Solid Democratic",1,"Solid Democratic",1,"Safe Democratic",1,1,40,40,40,40
"140","IL-04","Solid Democratic",1,"Solid Democratic",1,"Safe Democratic",1,1,40,40,40,40
"141","IL-05","Solid Democratic",1,"Solid Democratic",1,"Safe Democratic",1,1,40,40,40,40
"142","IL-06","Lean Democratic",3,"Tilt Democratic",3.5,"Lean Democratic",3,3.16666666666667,47,48.5,47,47.5
"143","IL-07","Solid Democratic",1,"Solid Democratic",1,"Safe Democratic",1,1,40,40,40,40
"144","IL-08","Solid Democratic",1,"Solid Democratic",1,"Safe Democratic",1,1,40,40,40,40
"145","IL-09","Solid Democratic",1,"Solid Democratic",1,"Safe Democratic",1,1,40,40,40,40
"146","IL-10","Solid Democratic",1,"Solid Democratic",1,"Safe Democratic",1,1,40,40,40,40
"147","IL-11","Solid Democratic",1,"Solid Democratic",1,"Safe Democratic",1,1,40,40,40,40
"148","IL-12","Lean Republican",5,"Tilt Republican",4.5,"Lean Republican",5,4.83333333333333,53,51.5,53,52.5
"149","IL-13","Lean Republican",5,"Lean Republican",5,"Lean Republican",5,5,53,53,53,53
"150","IL-14","Toss-up",4,"Toss-up",4,"Lean Democratic",3,3.66666666666667,50,50,47,49
"151","IL-15","Solid Republican",7,"Solid Republican",7,"Safe Republican",7,7,60,60,60,60
"152","IL-16","Solid Republican",7,"Solid Republican",7,"Safe Republican",7,7,60,60,60,60
"153","IL-17","Solid Democratic",1,"Solid Democratic",1,"Safe Democratic",1,1,40,40,40,40
"154","IL-18","Solid Republican",7,"Solid Republican",7,"Safe Republican",7,7,60,60,60,60
"155","IN-01","Solid Democratic",1,"Solid Democratic",1,"Safe Democratic",1,1,40,40,40,40
"156","IN-02","Likely Republican",6,"Likely Republican",6,"Likely Republican",6,6,56,56,56,56
"157","IN-03","Solid Republican",7,"Solid Republican",7,"Safe Republican",7,7,60,60,60,60
"158","IN-04","Solid Republican",7,"Solid Republican",7,"Safe Republican",7,7,60,60,60,60
"159","IN-05","Solid Republican",7,"Solid Republican",7,"Safe Republican",7,7,60,60,60,60
"160","IN-06","Solid Republican",7,"Solid Republican",7,"Safe Republican",7,7,60,60,60,60
"161","IN-07","Solid Democratic",1,"Solid Democratic",1,"Safe Democratic",1,1,40,40,40,40
"162","IN-08","Solid Republican",7,"Solid Republican",7,"Safe Republican",7,7,60,60,60,60
"163","IN-09","Solid Republican",7,"Solid Republican",7,"Likely Republican",6,6.66666666666667,60,60,56,58.6666666666667
"164","KS-01","Solid Republican",7,"Solid Republican",7,"Safe Republican",7,7,60,60,60,60
"165","KS-02","Toss-up",4,"Toss-up",4,"Lean Democratic",3,3.66666666666667,50,50,47,49
"166","KS-03","Lean Democratic",3,"Lean Democratic",3,"Lean Democratic",3,3,47,47,47,47
"167","KS-04","Solid Republican",7,"Solid Republican",7,"Safe Republican",7,7,60,60,60,60
"168","KY-01","Solid Republican",7,"Solid Republican",7,"Safe Republican",7,7,60,60,60,60
"169","KY-02","Solid Republican",7,"Solid Republican",7,"Safe Republican",7,7,60,60,60,60
"170","KY-03","Solid Democratic",1,"Solid Democratic",1,"Safe Democratic",1,1,40,40,40,40
"171","KY-04","Solid Republican",7,"Solid Republican",7,"Safe Republican",7,7,60,60,60,60
"172","KY-05","Solid Republican",7,"Solid Republican",7,"Safe Republican",7,7,60,60,60,60
"173","KY-06","Toss-up",4,"Toss-up",4,"Lean Republican",5,4.33333333333333,50,50,53,51
"174","LA-01","Solid Republican",7,"Solid Republican",7,"Safe Republican",7,7,60,60,60,60
"175","LA-02","Solid Democratic",1,"Solid Democratic",1,"Safe Democratic",1,1,40,40,40,40
"176","LA-03","Solid Republican",7,"Solid Republican",7,"Safe Republican",7,7,60,60,60,60
"177","LA-04","Solid Republican",7,"Solid Republican",7,"Safe Republican",7,7,60,60,60,60
"178","LA-05","Solid Republican",7,"Solid Republican",7,"Safe Republican",7,7,60,60,60,60
"179","LA-06","Solid Republican",7,"Solid Republican",7,"Safe Republican",7,7,60,60,60,60
"180","MA-01","Solid Democratic",1,"Solid Democratic",1,"Safe Democratic",1,1,40,40,40,40
"181","MA-02","Solid Democratic",1,"Solid Democratic",1,"Safe Democratic",1,1,40,40,40,40
"182","MA-03","Solid Democratic",1,"Solid Democratic",1,"Safe Democratic",1,1,40,40,40,40
"183","MA-04","Solid Democratic",1,"Solid Democratic",1,"Safe Democratic",1,1,40,40,40,40
"184","MA-05","Solid Democratic",1,"Solid Democratic",1,"Safe Democratic",1,1,40,40,40,40
"185","MA-06","Solid Democratic",1,"Solid Democratic",1,"Safe Democratic",1,1,40,40,40,40
"186","MA-07","Solid Democratic",1,"Solid Democratic",1,"Safe Democratic",1,1,40,40,40,40
"187","MA-08","Solid Democratic",1,"Solid Democratic",1,"Safe Democratic",1,1,40,40,40,40
"188","MA-09","Solid Democratic",1,"Solid Democratic",1,"Safe Democratic",1,1,40,40,40,40
"189","MD-01","Solid Republican",7,"Solid Republican",7,"Safe Republican",7,7,60,60,60,60
"190","MD-02","Solid Democratic",1,"Solid Democratic",1,"Safe Democratic",1,1,40,40,40,40
"191","MD-03","Solid Democratic",1,"Solid Democratic",1,"Safe Democratic",1,1,40,40,40,40
"192","MD-04","Solid Democratic",1,"Solid Democratic",1,"Safe Democratic",1,1,40,40,40,40
"193","MD-05","Solid Democratic",1,"Solid Democratic",1,"Safe Democratic",1,1,40,40,40,40
"194","MD-06","Solid Democratic",1,"Solid Democratic",1,"Safe Democratic",1,1,40,40,40,40
"195","MD-07","Solid Democratic",1,"Solid Democratic",1,"Safe Democratic",1,1,40,40,40,40
"196","MD-08","Solid Democratic",1,"Solid Democratic",1,"Safe Democratic",1,1,40,40,40,40
"197","ME-01","Solid Democratic",1,"Solid Democratic",1,"Safe Democratic",1,1,40,40,40,40
"198","ME-02","Toss-up",4,"Toss-up",4,"Lean Democratic",3,3.66666666666667,50,50,47,49
"199","MI-01","Likely Republican",6,"Solid Republican",7,"Likely Republican",6,6.33333333333333,56,60,56,57.3333333333333
"200","MI-02","Solid Republican",7,"Solid Republican",7,"Likely Republican",6,6.66666666666667,60,60,56,58.6666666666667
"201","MI-03","Likely Republican",6,"Solid Republican",7,"Likely Republican",6,6.33333333333333,56,60,56,57.3333333333333
"202","MI-04","Solid Republican",7,"Solid Republican",7,"Safe Republican",7,7,60,60,60,60
"203","MI-05","Solid Democratic",1,"Solid Democratic",1,"Safe Democratic",1,1,40,40,40,40
"204","MI-06","Lean Republican",5,"Likely Republican",6,"Lean Republican",5,5.33333333333333,53,56,53,54
"205","MI-07","Likely Republican",6,"Likely Republican",6,"Likely Republican",6,6,56,56,56,56
"206","MI-08","Toss-up",4,"Toss-up",4,"Lean Democratic",3,3.66666666666667,50,50,47,49
"207","MI-09","Solid Democratic",1,"Solid Democratic",1,"Safe Democratic",1,1,40,40,40,40
"208","MI-10","Solid Republican",7,"Solid Republican",7,"Safe Republican",7,7,60,60,60,60
"209","MI-11","Lean Democratic",3,"Tilt Democratic",3.5,"Lean Democratic",3,3.16666666666667,47,48.5,47,47.5
"210","MI-12","Solid Democratic",1,"Solid Democratic",1,"Safe Democratic",1,1,40,40,40,40
"211","MI-13","Solid Democratic",1,"Solid Democratic",1,"Safe Democratic",1,1,40,40,40,40
"212","MI-14","Solid Democratic",1,"Solid Democratic",1,"Safe Democratic",1,1,40,40,40,40
"213","MN-01","Toss-up",4,"Toss-up",4,"Lean Democratic",3,3.66666666666667,50,50,47,49
"214","MN-02","Lean Democratic",3,"Tilt Democratic",3.5,"Lean Democratic",3,3.16666666666667,47,48.5,47,47.5
"215","MN-03","Lean Democratic",3,"Tilt Democratic",3.5,"Lean Democratic",3,3.16666666666667,47,48.5,47,47.5
"216","MN-04","Solid Democratic",1,"Solid Democratic",1,"Safe Democratic",1,1,40,40,40,40
"217","MN-05","Solid Democratic",1,"Solid Democratic",1,"Safe Democratic",1,1,40,40,40,40
"218","MN-06","Solid Republican",7,"Solid Republican",7,"Safe Republican",7,7,60,60,60,60
"219","MN-07","Likely Democratic",2,"Solid Democratic",1,"Likely Democratic",2,1.66666666666667,44,40,44,42.6666666666667
"220","MN-08","Lean Republican",5,"Lean Republican",5,"Lean Republican",5,5,53,53,53,53
"221","MO-01","Solid Democratic",1,"Solid Democratic",1,"Safe Democratic",1,1,40,40,40,40
"222","MO-02","Lean Republican",5,"Solid Republican",7,"Likely Republican",6,6,53,60,56,56.3333333333333
"223","MO-03","Solid Republican",7,"Solid Republican",7,"Safe Republican",7,7,60,60,60,60
"224","MO-04","Solid Republican",7,"Solid Republican",7,"Safe Republican",7,7,60,60,60,60
"225","MO-05","Solid Democratic",1,"Solid Democratic",1,"Safe Democratic",1,1,40,40,40,40
"226","MO-06","Solid Republican",7,"Solid Republican",7,"Safe Republican",7,7,60,60,60,60
"227","MO-07","Solid Republican",7,"Solid Republican",7,"Safe Republican",7,7,60,60,60,60
"228","MO-08","Solid Republican",7,"Solid Republican",7,"Safe Republican",7,7,60,60,60,60
"229","MS-01","Solid Republican",7,"Solid Republican",7,"Safe Republican",7,7,60,60,60,60
"230","MS-02","Solid Democratic",1,"Solid Democratic",1,"Safe Democratic",1,1,40,40,40,40
"231","MS-03","Solid Republican",7,"Solid Republican",7,"Safe Republican",7,7,60,60,60,60
"232","MS-04","Solid Republican",7,"Solid Republican",7,"Safe Republican",7,7,60,60,60,60
"233","MT-01","Lean Republican",5,"Likely Republican",6,"Lean Republican",5,5.33333333333333,53,56,53,54
"234","NC-01","Solid Democratic",1,"Solid Democratic",1,"Safe Democratic",1,1,40,40,40,40
"235","NC-02","Lean Republican",5,"Lean Republican",5,"Lean Republican",5,5,53,53,53,53
"236","NC-03","Solid Republican",7,"Solid Republican",7,"Safe Republican",7,7,60,60,60,60
"237","NC-04","Solid Democratic",1,"Solid Democratic",1,"Safe Democratic",1,1,40,40,40,40
"238","NC-05","Solid Republican",7,"Solid Republican",7,"Safe Republican",7,7,60,60,60,60
"239","NC-06","Solid Republican",7,"Solid Republican",7,"Safe Republican",7,7,60,60,60,60
"240","NC-07","Solid Republican",7,"Solid Republican",7,"Safe Republican",7,7,60,60,60,60
"241","NC-08","Likely Republican",6,"Solid Republican",7,"Likely Republican",6,6.33333333333333,56,60,56,57.3333333333333
"242","NC-09","Toss-up",4,"Toss-up",4,"Lean Democratic",3,3.66666666666667,50,50,47,49
"243","NC-10","Solid Republican",7,"Solid Republican",7,"Safe Republican",7,7,60,60,60,60
"244","NC-11","Solid Republican",7,"Solid Republican",7,"Safe Republican",7,7,60,60,60,60
"245","NC-12","Solid Democratic",1,"Solid Democratic",1,"Safe Democratic",1,1,40,40,40,40
"246","NC-13","Toss-up",4,"Tilt Republican",4.5,"Lean Republican",5,4.5,50,51.5,53,51.5
"247","ND-01","Solid Republican",7,"Solid Republican",7,"Safe Republican",7,7,60,60,60,60
"248","NE-01","Solid Republican",7,"Solid Republican",7,"Safe Republican",7,7,60,60,60,60
"249","NE-02","Lean Republican",5,"Lean Republican",5,"Lean Republican",5,5,53,53,53,53
"250","NE-03","Solid Republican",7,"Solid Republican",7,"Safe Republican",7,7,60,60,60,60
"251","NH-01","Likely Democratic",2,"Lean Democratic",3,"Likely Democratic",2,2.33333333333333,44,47,44,45
"252","NH-02","Solid Democratic",1,"Solid Democratic",1,"Safe Democratic",1,1,40,40,40,40
"253","NJ-01","Solid Democratic",1,"Solid Democratic",1,"Safe Democratic",1,1,40,40,40,40
"254","NJ-02","Likely Democratic",2,"Likely Democratic",2,"Safe Democratic",1,1.66666666666667,44,44,40,42.6666666666667
"255","NJ-03","Toss-up",4,"Tilt Democratic",3.5,"Lean Democratic",3,3.5,50,48.5,47,48.5
"256","NJ-04","Solid Republican",7,"Solid Republican",7,"Safe Republican",7,7,60,60,60,60
"257","NJ-05","Likely Democratic",2,"Solid Democratic",1,"Likely Democratic",2,1.66666666666667,44,40,44,42.6666666666667
"258","NJ-06","Solid Democratic",1,"Solid Democratic",1,"Safe Democratic",1,1,40,40,40,40
"259","NJ-07","Toss-up",4,"Toss-up",4,"Lean Democratic",3,3.66666666666667,50,50,47,49
"260","NJ-08","Solid Democratic",1,"Solid Democratic",1,"Safe Democratic",1,1,40,40,40,40
"261","NJ-09","Solid Democratic",1,"Solid Democratic",1,"Safe Democratic",1,1,40,40,40,40
"262","NJ-10","Solid Democratic",1,"Solid Democratic",1,"Safe Democratic",1,1,40,40,40,40
"263","NJ-11","Lean Democratic",3,"Lean Democratic",3,"Lean Democratic",3,3,47,47,47,47
"264","NJ-12","Solid Democratic",1,"Solid Democratic",1,"Safe Democratic",1,1,40,40,40,40
"265","NM-01","Solid Democratic",1,"Solid Democratic",1,"Safe Democratic",1,1,40,40,40,40
"266","NM-02","Toss-up",4,"Tilt Republican",4.5,"Lean Democratic",3,3.83333333333333,50,51.5,47,49.5
"267","NM-03","Solid Democratic",1,"Solid Democratic",1,"Safe Democratic",1,1,40,40,40,40
"268","NV-01","Solid Democratic",1,"Solid Democratic",1,"Safe Democratic",1,1,40,40,40,40
"269","NV-02","Solid Republican",7,"Solid Republican",7,"Safe Republican",7,7,60,60,60,60
"270","NV-03","Lean Democratic",3,"Tilt Democratic",3.5,"Lean Democratic",3,3.16666666666667,47,48.5,47,47.5
"271","NV-04","Lean Democratic",3,"Lean Democratic",3,"Likely Democratic",2,2.66666666666667,47,47,44,46
"272","NY-01","Likely Republican",6,"Solid Republican",7,"Lean Republican",5,6,56,60,53,56.3333333333333
"273","NY-02","Likely Republican",6,"Solid Republican",7,"Likely Republican",6,6.33333333333333,56,60,56,57.3333333333333
"274","NY-03","Solid Democratic",1,"Solid Democratic",1,"Safe Democratic",1,1,40,40,40,40
"275","NY-04","Solid Democratic",1,"Solid Democratic",1,"Safe Democratic",1,1,40,40,40,40
"276","NY-05","Solid Democratic",1,"Solid Democratic",1,"Safe Democratic",1,1,40,40,40,40
"277","NY-06","Solid Democratic",1,"Solid Democratic",1,"Safe Democratic",1,1,40,40,40,40
"278","NY-07","Solid Democratic",1,"Solid Democratic",1,"Safe Democratic",1,1,40,40,40,40
"279","NY-08","Solid Democratic",1,"Solid Democratic",1,"Safe Democratic",1,1,40,40,40,40
"280","NY-09","Solid Democratic",1,"Solid Democratic",1,"Safe Democratic",1,1,40,40,40,40
"281","NY-10","Solid Democratic",1,"Solid Democratic",1,"Safe Democratic",1,1,40,40,40,40
"282","NY-11","Lean Republican",5,"Lean Republican",5,"Lean Republican",5,5,53,53,53,53
"283","NY-12","Solid Democratic",1,"Solid Democratic",1,"Safe Democratic",1,1,40,40,40,40
"284","NY-13","Solid Democratic",1,"Solid Democratic",1,"Safe Democratic",1,1,40,40,40,40
"285","NY-14","Solid Democratic",1,"Solid Democratic",1,"Safe Democratic",1,1,40,40,40,40
"286","NY-15","Solid Democratic",1,"Solid Democratic",1,"Safe Democratic",1,1,40,40,40,40
"287","NY-16","Solid Democratic",1,"Solid Democratic",1,"Safe Democratic",1,1,40,40,40,40
"288","NY-17","Solid Democratic",1,"Solid Democratic",1,"Safe Democratic",1,1,40,40,40,40
"289","NY-18","Solid Democratic",1,"Solid Democratic",1,"Likely Democratic",2,1.33333333333333,40,40,44,41.3333333333333
"290","NY-19","Toss-up",4,"Tilt Democratic",3.5,"Lean Democratic",3,3.5,50,48.5,47,48.5
"291","NY-20","Solid Democratic",1,"Solid Democratic",1,"Safe Democratic",1,1,40,40,40,40
"292","NY-21","Likely Republican",6,"Solid Republican",7,"Likely Republican",6,6.33333333333333,56,60,56,57.3333333333333
"293","NY-22","Toss-up",4,"Tilt Democratic",3.5,"Lean Democratic",3,3.5,50,48.5,47,48.5
"294","NY-23","Likely Republican",6,"Solid Republican",7,"Likely Republican",6,6.33333333333333,56,60,56,57.3333333333333
"295","NY-24","Lean Republican",5,"Lean Republican",5,"Lean Republican",5,5,53,53,53,53
"296","NY-25","Solid Democratic",1,"Solid Democratic",1,"Safe Democratic",1,1,40,40,40,40
"297","NY-26","Solid Democratic",1,"Solid Democratic",1,"Safe Democratic",1,1,40,40,40,40
"298","NY-27","Lean Republican",5,"Lean Republican",5,"Lean Republican",5,5,53,53,53,53
"299","OH-01","Lean Republican",5,"Tilt Republican",4.5,"Lean Republican",5,4.83333333333333,53,51.5,53,52.5
"300","OH-02","Solid Republican",7,"Solid Republican",7,"Safe Republican",7,7,60,60,60,60
"301","OH-03","Solid Democratic",1,"Solid Democratic",1,"Safe Democratic",1,1,40,40,40,40
"302","OH-04","Solid Republican",7,"Solid Republican",7,"Safe Republican",7,7,60,60,60,60
"303","OH-05","Solid Republican",7,"Solid Republican",7,"Safe Republican",7,7,60,60,60,60
"304","OH-06","Solid Republican",7,"Solid Republican",7,"Safe Republican",7,7,60,60,60,60
"305","OH-07","Solid Republican",7,"Solid Republican",7,"Likely Republican",6,6.66666666666667,60,60,56,58.6666666666667
"306","OH-08","Solid Republican",7,"Solid Republican",7,"Safe Republican",7,7,60,60,60,60
"307","OH-09","Solid Democratic",1,"Solid Democratic",1,"Safe Democratic",1,1,40,40,40,40
"308","OH-10","Likely Republican",6,"Solid Republican",7,"Likely Republican",6,6.33333333333333,56,60,56,57.3333333333333
"309","OH-11","Solid Democratic",1,"Solid Democratic",1,"Safe Democratic",1,1,40,40,40,40
"310","OH-12","Toss-up",4,"Toss-up",4,"Lean Republican",5,4.33333333333333,50,50,53,51
"311","OH-13","Solid Democratic",1,"Solid Democratic",1,"Safe Democratic",1,1,40,40,40,40
"312","OH-14","Likely Republican",6,"Likely Republican",6,"Lean Republican",5,5.66666666666667,56,56,53,55
"313","OH-15","Solid Republican",7,"Solid Republican",7,"Likely Republican",6,6.66666666666667,60,60,56,58.6666666666667
"314","OH-16","Solid Republican",7,"Solid Republican",7,"Safe Republican",7,7,60,60,60,60
"315","OK-01","Solid Republican",7,"Solid Republican",7,"Safe Republican",7,7,60,60,60,60
"316","OK-02","Solid Republican",7,"Solid Republican",7,"Safe Republican",7,7,60,60,60,60
"317","OK-03","Solid Republican",7,"Solid Republican",7,"Safe Republican",7,7,60,60,60,60
"318","OK-04","Solid Republican",7,"Solid Republican",7,"Safe Republican",7,7,60,60,60,60
"319","OK-05","Likely Republican",6,"Solid Republican",7,"Likely Republican",6,6.33333333333333,56,60,56,57.3333333333333
"320","OR-01","Solid Democratic",1,"Solid Democratic",1,"Safe Democratic",1,1,40,40,40,40
"321","OR-02","Solid Republican",7,"Solid Republican",7,"Safe Republican",7,7,60,60,60,60
"322","OR-03","Solid Democratic",1,"Solid Democratic",1,"Safe Democratic",1,1,40,40,40,40
"323","OR-04","Solid Democratic",1,"Solid Democratic",1,"Safe Democratic",1,1,40,40,40,40
"324","OR-05","Solid Democratic",1,"Solid Democratic",1,"Safe Democratic",1,1,40,40,40,40
"325","PA-01","Toss-up",4,"Toss-up",4,"Lean Republican",5,4.33333333333333,50,50,53,51
"326","PA-02","Solid Democratic",1,"Solid Democratic",1,"Safe Democratic",1,1,40,40,40,40
"327","PA-03","Solid Democratic",1,"Solid Democratic",1,"Safe Democratic",1,1,40,40,40,40
"328","PA-04","Solid Democratic",1,"Solid Democratic",1,"Safe Democratic",1,1,40,40,40,40
"329","PA-05","Likely Democratic",2,"Likely Democratic",2,"Safe Democratic",1,1.66666666666667,44,44,40,42.6666666666667
"330","PA-06","Likely Democratic",2,"Likely Democratic",2,"Safe Democratic",1,1.66666666666667,44,44,40,42.6666666666667
"331","PA-07","Lean Democratic",3,"Lean Democratic",3,"Lean Democratic",3,3,47,47,47,47
"332","PA-08","Likely Democratic",2,"Lean Democratic",3,"Likely Democratic",2,2.33333333333333,44,47,44,45
"333","PA-09","Solid Republican",7,"Solid Republican",7,"Safe Republican",7,7,60,60,60,60
"334","PA-10","Toss-up",4,"Lean Republican",5,"Lean Republican",5,4.66666666666667,50,53,53,52
"335","PA-11","Solid Republican",7,"Solid Republican",7,"Safe Republican",7,7,60,60,60,60
"336","PA-12","Solid Republican",7,"Solid Republican",7,"Safe Republican",7,7,60,60,60,60
"337","PA-13","Solid Republican",7,"Solid Republican",7,"Safe Republican",7,7,60,60,60,60
"338","PA-14","Likely Republican",6,"Likely Republican",6,"Safe Republican",7,6.33333333333333,56,56,60,57.3333333333333
"339","PA-15","Solid Republican",7,"Solid Republican",7,"Safe Republican",7,7,60,60,60,60
"340","PA-16","Lean Republican",5,"Likely Republican",6,"Lean Republican",5,5.33333333333333,53,56,53,54
"341","PA-17","Likely Democratic",2,"Lean Democratic",3,"Likely Democratic",2,2.33333333333333,44,47,44,45
"342","PA-18","Solid Democratic",1,"Solid Democratic",1,"Safe Democratic",1,1,40,40,40,40
"343","RI-01","Solid Democratic",1,"Solid Democratic",1,"Safe Democratic",1,1,40,40,40,40
"344","RI-02","Solid Democratic",1,"Solid Democratic",1,"Safe Democratic",1,1,40,40,40,40
"345","SC-01","Lean Republican",5,"Likely Republican",6,"Lean Republican",5,5.33333333333333,53,56,53,54
"346","SC-02","Solid Republican",7,"Solid Republican",7,"Safe Republican",7,7,60,60,60,60
"347","SC-03","Solid Republican",7,"Solid Republican",7,"Safe Republican",7,7,60,60,60,60
"348","SC-04","Solid Republican",7,"Solid Republican",7,"Safe Republican",7,7,60,60,60,60
"349","SC-05","Solid Republican",7,"Solid Republican",7,"Safe Republican",7,7,60,60,60,60
"350","SC-06","Solid Democratic",1,"Solid Democratic",1,"Safe Democratic",1,1,40,40,40,40
"351","SC-07","Solid Republican",7,"Solid Republican",7,"Safe Republican",7,7,60,60,60,60
"352","SD-01","Solid Republican",7,"Solid Republican",7,"Safe Republican",7,7,60,60,60,60
"353","TN-01","Solid Republican",7,"Solid Republican",7,"Safe Republican",7,7,60,60,60,60
"354","TN-02","Solid Republican",7,"Solid Republican",7,"Safe Republican",7,7,60,60,60,60
"355","TN-03","Solid Republican",7,"Solid Republican",7,"Safe Republican",7,7,60,60,60,60
"356","TN-04","Solid Republican",7,"Solid Republican",7,"Safe Republican",7,7,60,60,60,60
"357","TN-05","Solid Democratic",1,"Solid Democratic",1,"Safe Democratic",1,1,40,40,40,40
"358","TN-06","Solid Republican",7,"Solid Republican",7,"Safe Republican",7,7,60,60,60,60
"359","TN-07","Solid Republican",7,"Solid Republican",7,"Safe Republican",7,7,60,60,60,60
"360","TN-08","Solid Republican",7,"Solid Republican",7,"Safe Republican",7,7,60,60,60,60
"361","TN-09","Solid Democratic",1,"Solid Democratic",1,"Safe Democratic",1,1,40,40,40,40
"362","TX-01","Solid Republican",7,"Solid Republican",7,"Safe Republican",7,7,60,60,60,60
"363","TX-02","Likely Republican",6,"Solid Republican",7,"Likely Republican",6,6.33333333333333,56,60,56,57.3333333333333
"364","TX-03","Solid Republican",7,"Solid Republican",7,"Safe Republican",7,7,60,60,60,60
"365","TX-04","Solid Republican",7,"Solid Republican",7,"Safe Republican",7,7,60,60,60,60
"366","TX-05","Solid Republican",7,"Solid Republican",7,"Safe Republican",7,7,60,60,60,60
"367","TX-06","Likely Republican",6,"Solid Republican",7,"Likely Republican",6,6.33333333333333,56,60,56,57.3333333333333
"368","TX-07","Toss-up",4,"Tilt Republican",4.5,"Lean Republican",5,4.5,50,51.5,53,51.5
"369","TX-08","Solid Republican",7,"Solid Republican",7,"Safe Republican",7,7,60,60,60,60
"370","TX-09","Solid Democratic",1,"Solid Democratic",1,"Safe Democratic",1,1,40,40,40,40
"371","TX-10","Likely Republican",6,"Solid Republican",7,"Safe Republican",7,6.66666666666667,56,60,60,58.6666666666667
"372","TX-11","Solid Republican",7,"Solid Republican",7,"Safe Republican",7,7,60,60,60,60
"373","TX-12","Solid Republican",7,"Solid Republican",7,"Safe Republican",7,7,60,60,60,60
"374","TX-13","Solid Republican",7,"Solid Republican",7,"Safe Republican",7,7,60,60,60,60
"375","TX-14","Solid Republican",7,"Solid Republican",7,"Safe Republican",7,7,60,60,60,60
"376","TX-15","Solid Democratic",1,"Solid Democratic",1,"Safe Democratic",1,1,40,40,40,40
"377","TX-16","Solid Democratic",1,"Solid Democratic",1,"Safe Democratic",1,1,40,40,40,40
"378","TX-17","Solid Republican",7,"Solid Republican",7,"Safe Republican",7,7,60,60,60,60
"379","TX-18","Solid Democratic",1,"Solid Democratic",1,"Safe Democratic",1,1,40,40,40,40
"380","TX-19","Solid Republican",7,"Solid Republican",7,"Safe Republican",7,7,60,60,60,60
"381","TX-20","Solid Democratic",1,"Solid Democratic",1,"Safe Democratic",1,1,40,40,40,40
"382","TX-21","Likely Republican",6,"Likely Republican",6,"Likely Republican",6,6,56,56,56,56
"383","TX-22","Lean Republican",5,"Solid Republican",7,"Likely Republican",6,6,53,60,56,56.3333333333333
"384","TX-23","Lean Republican",5,"Lean Republican",5,"Lean Republican",5,5,53,53,53,53
"385","TX-24","Likely Republican",6,"Solid Republican",7,"Safe Republican",7,6.66666666666667,56,60,60,58.6666666666667
"386","TX-25","Solid Republican",7,"Solid Republican",7,"Safe Republican",7,7,60,60,60,60
"387","TX-26","Solid Republican",7,"Solid Republican",7,"Safe Republican",7,7,60,60,60,60
"388","TX-27","Solid Republican",7,"Solid Republican",7,"Safe Republican",7,7,60,60,60,60
"389","TX-28","Solid Democratic",1,"Solid Democratic",1,"Safe Democratic",1,1,40,40,40,40
"390","TX-29","Solid Democratic",1,"Solid Democratic",1,"Safe Democratic",1,1,40,40,40,40
"391","TX-30","Solid Democratic",1,"Solid Democratic",1,"Safe Democratic",1,1,40,40,40,40
"392","TX-31","Likely Republican",6,"Likely Republican",6,"Likely Republican",6,6,56,56,56,56
"393","TX-32","Toss-up",4,"Toss-up",4,"Lean Democratic",3,3.66666666666667,50,50,47,49
"394","TX-33","Solid Democratic",1,"Solid Democratic",1,"Safe Democratic",1,1,40,40,40,40
"395","TX-34","Solid Democratic",1,"Solid Democratic",1,"Safe Democratic",1,1,40,40,40,40
"396","TX-35","Solid Democratic",1,"Solid Democratic",1,"Safe Democratic",1,1,40,40,40,40
"397","TX-36","Solid Republican",7,"Solid Republican",7,"Safe Republican",7,7,60,60,60,60
"398","UT-01","Solid Republican",7,"Solid Republican",7,"Safe Republican",7,7,60,60,60,60
"399","UT-02","Solid Republican",7,"Solid Republican",7,"Safe Republican",7,7,60,60,60,60
"400","UT-03","Solid Republican",7,"Solid Republican",7,"Safe Republican",7,7,60,60,60,60
"401","UT-04","Toss-up",4,"Toss-up",4,"Lean Democratic",3,3.66666666666667,50,50,47,49
"402","VA-01","Solid Republican",7,"Solid Republican",7,"Safe Republican",7,7,60,60,60,60
"403","VA-02","Toss-up",4,"Tilt Republican",4.5,"Lean Democratic",3,3.83333333333333,50,51.5,47,49.5
"404","VA-03","Solid Democratic",1,"Solid Democratic",1,"Safe Democratic",1,1,40,40,40,40
"405","VA-04","Solid Democratic",1,"Solid Democratic",1,"Safe Democratic",1,1,40,40,40,40
"406","VA-05","Lean Republican",5,"Likely Republican",6,"Lean Republican",5,5.33333333333333,53,56,53,54
"407","VA-06","Solid Republican",7,"Solid Republican",7,"Safe Republican",7,7,60,60,60,60
"408","VA-07","Toss-up",4,"Toss-up",4,"Lean Democratic",3,3.66666666666667,50,50,47,49
"409","VA-08","Solid Democratic",1,"Solid Democratic",1,"Safe Democratic",1,1,40,40,40,40
"410","VA-09","Solid Republican",7,"Solid Republican",7,"Safe Republican",7,7,60,60,60,60
"411","VA-10","Lean Democratic",3,"Tilt Democratic",3.5,"Lean Democratic",3,3.16666666666667,47,48.5,47,47.5
"412","VA-11","Solid Democratic",1,"Solid Democratic",1,"Safe Democratic",1,1,40,40,40,40
"413","VT-01","Solid Democratic",1,"Solid Democratic",1,"Safe Democratic",1,1,40,40,40,40
"414","WA-01","Solid Democratic",1,"Solid Democratic",1,"Safe Democratic",1,1,40,40,40,40
"415","WA-02","Solid Democratic",1,"Solid Democratic",1,"Safe Democratic",1,1,40,40,40,40
"416","WA-03","Lean Republican",5,"Likely Republican",6,"Lean Republican",5,5.33333333333333,53,56,53,54
"417","WA-04","Solid Republican",7,"Solid Republican",7,"Safe Republican",7,7,60,60,60,60
"418","WA-05","Lean Republican",5,"Likely Republican",6,"Lean Republican",5,5.33333333333333,53,56,53,54
"419","WA-06","Solid Democratic",1,"Solid Democratic",1,"Safe Democratic",1,1,40,40,40,40
"420","WA-07","Solid Democratic",1,"Solid Democratic",1,"Safe Democratic",1,1,40,40,40,40
"421","WA-08","Lean Democratic",3,"Toss-up",4,"Lean Democratic",3,3.33333333333333,47,50,47,48
"422","WA-09","Solid Democratic",1,"Solid Democratic",1,"Safe Democratic",1,1,40,40,40,40
"423","WA-10","Solid Democratic",1,"Solid Democratic",1,"Safe Democratic",1,1,40,40,40,40
"424","WI-01","Lean Republican",5,"Lean Republican",5,"Lean Republican",5,5,53,53,53,53
"425","WI-02","Solid Democratic",1,"Solid Democratic",1,"Safe Democratic",1,1,40,40,40,40
"426","WI-03","Solid Democratic",1,"Solid Democratic",1,"Safe Democratic",1,1,40,40,40,40
"427","WI-04","Solid Democratic",1,"Solid Democratic",1,"Safe Democratic",1,1,40,40,40,40
"428","WI-05","Solid Republican",7,"Solid Republican",7,"Safe Republican",7,7,60,60,60,60
"429","WI-06","Likely Republican",6,"Solid Republican",7,"Likely Republican",6,6.33333333333333,56,60,56,57.3333333333333
"430","WI-07","Solid Republican",7,"Solid Republican",7,"Safe Republican",7,7,60,60,60,60
"431","WI-08","Solid Republican",7,"Solid Republican",7,"Safe Republican",7,7,60,60,60,60
"432","WV-01","Solid Republican",7,"Solid Republican",7,"Safe Republican",7,7,60,60,60,60
"433","WV-02","Likely Republican",6,"Solid Republican",7,"Safe Republican",7,6.66666666666667,56,60,60,58.6666666666667
"434","WV-03","Lean Republican",5,"Lean Republican",5,"Lean Republican",5,5,53,53,53,53
"435","WY-01","Solid Republican",7,"Solid Republican",7,"Safe Republican",7,7,60,60,60,60
