year,State,District,PVI,,
2010,Alabama,1st,R+14,,
2010,Alabama,2nd,R+16,,
2010,Alabama,3rd,R+9,,
2010,Alabama,4th,R+26,,
2010,Alabama,5th,R+12,,
2010,Alabama,6th,R+29,,
2010,Alabama,7th,D+18,,
2010,Alaska,0,R+13,,
2010,Arizona,1st,R+6,,
2010,Arizona,2nd,R+13,,
2010,Arizona,3rd,R+9,,
2010,Arizona,4th,D+13,,
2010,Arizona,5th,R+5,,
2010,Arizona,6th,R+15,,
2010,Arizona,7th,D+6,,
2010,Arizona,8th,R+4,,
2010,Arkansas,1st,R+8,,
2010,Arkansas,2nd,R+5,,
2010,Arkansas,3rd,R+16,,
2010,Arkansas,4th,R+7,,
2010,California,1st,D+13,,
2010,California,2nd,R+11,,
2010,California,3rd,R+6,,
2010,California,4th,R+10,,
2010,California,5th,D+15,,
2010,California,6th,D+23,,
2010,California,7th,D+19,,
2010,California,8th,D+35,,
2010,California,9th,D+37,,
2010,California,10th,D+11,,
2010,California,11th,R+1,,
2010,California,12th,D+23,,
2010,California,13th,D+22,,
2010,California,14th,D+21,,
2010,California,15th,D+15,,
2010,California,16th,D+16,,
2010,California,17th,D+19,,
2010,California,18th,D+4,,
2010,California,19th,R+9,,
2010,California,20th,D+5,,
2010,California,21st,R+13,,
2010,California,22nd,R+16,,
2010,California,23rd,D+12,,
2010,California,24th,R+4,,
2010,California,25th,R+6,,
2010,California,26th,R+3,,
2010,California,27th,D+13,,
2010,California,28th,D+23,,
2010,California,29th,D+14,,
2010,California,30th,D+18,,
2010,California,31st,D+29,,
2010,California,32nd,D+15,,
2010,California,33rd,D+35,,
2010,California,34th,D+22,,
2010,California,35th,D+31,,
2010,California,36th,D+12,,
2010,California,37th,D+26,,
2010,California,38th,D+18,,
2010,California,39th,D+12,,
2010,California,40th,R+8,,
2010,California,41st,R+10,,
2010,California,42nd,R+10,,
2010,California,43rd,D+13,,
2010,California,44th,R+6,,
2010,California,45th,R+3,,
2010,California,46th,R+6,,
2010,California,47th,D+4,,
2010,California,48th,R+6,,
2010,California,49th,R+10,,
2010,California,50th,R+3,,
2010,California,51st,D+8,,
2010,California,52nd,R+9,,
2010,California,53rd,D+14,,
2010,Colorado,1st,D+21,,
2010,Colorado,2nd,D+11,,
2010,Colorado,3rd,R+5,,
2010,Colorado,4th,R+6,,
2010,Colorado,5th,R+14,,
2010,Colorado,6th,R+8,,
2010,Colorado,7th,D+4,,
2010,Connecticut,1st,D+13,,
2010,Connecticut,2nd,D+6,,
2010,Connecticut,3rd,D+9,,
2010,Connecticut,4th,D+5,,
2010,Connecticut,5th,D+2,,
2010,Delaware,0,D+7,,
2010,Florida,1st,R+21,,
2010,Florida,2nd,R+6,,
2010,Florida,3rd,D+18,,
2010,Florida,4th,R+17,,
2010,Florida,5th,R+9,,
2010,Florida,6th,R+10,,
2010,Florida,7th,R+7,,
2010,Florida,8th,R+2,,
2010,Florida,9th,R+6,,
2010,Florida,10th,R+1,,
2010,Florida,11th,D+11,,
2010,Florida,12th,R+6,,
2010,Florida,13th,R+6,,
2010,Florida,14th,R+11,,
2010,Florida,15th,R+6,,
2010,Florida,16th,R+5,,
2010,Florida,17th,D+34,,
2010,Florida,18th,R+3,,
2010,Florida,19th,D+15,,
2010,Florida,20th,D+13,,
2010,Florida,21st,R+5,,
2010,Florida,22nd,D+1,,
2010,Florida,23rd,D+28,,
2010,Florida,24th,R+4,,
2010,Florida,25th,R+5,,
2010,Georgia,1st,R+16,,
2010,Georgia,2nd,D+1,,
2010,Georgia,3rd,R+19,,
2010,Georgia,4th,D+24,,
2010,Georgia,5th,D+26,,
2010,Georgia,6th,R+19,,
2010,Georgia,7th,R+16,,
2010,Georgia,8th,R+10,,
2010,Georgia,9th,R+28,,
2010,Georgia,10th,R+15,,
2010,Georgia,11th,R+20,,
2010,Georgia,12th,D+1,,
2010,Georgia,13th,D+15,,
2010,Hawaii,1st,D+11,,
2010,Hawaii,2nd,D+14,,
2010,Idaho,1st,R+18,,
2010,Idaho,2nd,R+17,,
2010,Illinois,1st,D+34,,
2010,Illinois,2nd,D+36,,
2010,Illinois,3rd,D+11,,
2010,Illinois,4th,D+32,,
2010,Illinois,5th,D+19,,
2010,Illinois,6th,0,,
2010,Illinois,7th,D+35,,
2010,Illinois,8th,R+1,,
2010,Illinois,9th,D+20,,
2010,Illinois,10th,D+6,,
2010,Illinois,11th,R+1,,
2010,Illinois,12th,D+3,,
2010,Illinois,13th,R+1,,
2010,Illinois,14th,R+1,,
2010,Illinois,15th,R+6,,
2010,Illinois,16th,R+2,,
2010,Illinois,17th,D+3,,
2010,Illinois,18th,R+6,,
2010,Illinois,19th,R+9,,
2010,Indiana,1st,D+8,,
2010,Indiana,2nd,R+2,,
2010,Indiana,3rd,R+14,,
2010,Indiana,4th,R+14,,
2010,Indiana,5th,R+17,,
2010,Indiana,6th,R+10,,
2010,Indiana,7th,D+14,,
2010,Indiana,8th,R+8,,
2010,Indiana,9th,R+6,,
2010,Iowa,1st,D+5,,
2010,Iowa,2nd,D+7,,
2010,Iowa,3rd,D+1,,
2010,Iowa,4th,0,,
2010,Iowa,5th,R+9,,
2010,Kansas,1st,R+23,,
2010,Kansas,2nd,R+9,,
2010,Kansas,3rd,R+3,,
2010,Kansas,4th,R+14,,
2010,Kentucky,1st,R+15,,
2010,Kentucky,2nd,R+15,,
2010,Kentucky,3rd,D+2,,
2010,Kentucky,4th,R+14,,
2010,Kentucky,5th,R+16,,
2010,Kentucky,6th,R+9,,
2010,Louisiana,1st,R+24,,
2010,Louisiana,2nd,D+25,,
2010,Louisiana,3rd,R+12,,
2010,Louisiana,4th,R+11,,
2010,Louisiana,5th,R+14,,
2010,Louisiana,6th,R+10,,
2010,Louisiana,7th,R+14,,
2010,Maine,1st,D+8,,
2010,Maine,2nd,D+3,,
2010,Maryland,1st,R+13,,
2010,Maryland,2nd,D+7,,
2010,Maryland,3rd,D+6,,
2010,Maryland,4th,D+31,,
2010,Maryland,5th,D+11,,
2010,Maryland,6th,R+13,,
2010,Maryland,7th,D+25,,
2010,Maryland,8th,D+21,,
2010,Massachusetts,1st,D+14,,
2010,Massachusetts,2nd,D+9,,
2010,Massachusetts,3rd,D+9,,
2010,Massachusetts,4th,D+14,,
2010,Massachusetts,5th,D+8,,
2010,Massachusetts,6th,D+7,,
2010,Massachusetts,7th,D+15,,
2010,Massachusetts,8th,D+32,,
2010,Massachusetts,9th,D+11,,
2010,Massachusetts,10th,D+5,,
2010,Michigan,1st,R+3,,
2010,Michigan,2nd,R+7,,
2010,Michigan,3rd,R+6,,
2010,Michigan,4th,R+3,,
2010,Michigan,5th,D+11,,
2010,Michigan,6th,0,,
2010,Michigan,7th,R+2,,
2010,Michigan,8th,R+2,,
2010,Michigan,9th,D+2,,
2010,Michigan,10th,R+5,,
2010,Michigan,11th,0,,
2010,Michigan,12th,D+12,,
2010,Michigan,13th,D+31,,
2010,Michigan,14th,D+34,,
2010,Michigan,15th,D+13,,
2010,Minnesota,1st,R+1,,
2010,Minnesota,2nd,R+4,,
2010,Minnesota,3rd,0,,
2010,Minnesota,4th,D+13,,
2010,Minnesota,5th,D+23,,
2010,Minnesota,6th,R+7,,
2010,Minnesota,7th,R+5,,
2010,Minnesota,8th,D+3,,
2010,Mississippi,1st,R+14,,
2010,Mississippi,2nd,D+12,,
2010,Mississippi,3rd,R+15,,
2010,Mississippi,4th,R+20,,
2010,Missouri,1st,D+27,,
2010,Missouri,2nd,R+9,,
2010,Missouri,3rd,D+7,,
2010,Missouri,4th,R+14,,
2010,Missouri,5th,D+10,,
2010,Missouri,6th,R+7,,
2010,Missouri,7th,R+17,,
2010,Missouri,8th,R+15,,
2010,Missouri,9th,R+9,,
2010,Montana,0,R+7,,
2010,Nebraska,1st,R+11,,
2010,Nebraska,2nd,R+6,,
2010,Nebraska,3rd,R+24,,
2010,Nevada,1st,D+10,,
2010,Nevada,2nd,R+5,,
2010,Nevada,3rd,D+2,,
2010,New Hampshire,1st,0,,
2010,New Hampshire,2nd,D+3,,
2010,New Jersey,1st,D+12,,
2010,New Jersey,2nd,D+1,,
2010,New Jersey,3rd,R+1,,
2010,New Jersey,4th,R+6,,
2010,New Jersey,5th,R+7,,
2010,New Jersey,6th,D+8,,
2010,New Jersey,7th,R+3,,
2010,New Jersey,8th,D+10,,
2010,New Jersey,9th,D+9,,
2010,New Jersey,10th,D+33,,
2010,New Jersey,11th,R+7,,
2010,New Jersey,12th,D+5,,
2010,New Jersey,13th,D+21,,
2010,New Mexico,1st,D+5,,
2010,New Mexico,2nd,R+6,,
2010,New Mexico,3rd,D+7,,
2010,New York,1st,0,,
2010,New York,2nd,D+4,,
2010,New York,3rd,R+4,,
2010,New York,4th,D+6,,
2010,New York,5th,D+12,,
2010,New York,6th,D+36,,
2010,New York,7th,D+26,,
2010,New York,8th,D+22,,
2010,New York,9th,D+5,,
2010,New York,10th,D+38,,
2010,New York,11th,D+38,,
2010,New York,12th,D+33,,
2010,New York,13th,R+4,,
2010,New York,14th,D+26,,
2010,New York,15th,D+41,,
2010,New York,16th,D+41,,
2010,New York,17th,D+18,,
2010,New York,18th,D+9,,
2010,New York,19th,R+3,,
2010,New York,20th,R+2,,
2010,New York,21st,D+6,,
2010,New York,22nd,D+6,,
2010,New York,23rd,R+1,,
2010,New York,24th,R+2,,
2010,New York,25th,D+3,,
2010,New York,26th,R+6,,
2010,New York,27th,D+4,,
2010,New York,28th,D+15,,
2010,New York,29th,R+5,,
2010,North Carolina,1st,D+9,,
2010,North Carolina,2nd,R+2,,
2010,North Carolina,3rd,R+16,,
2010,North Carolina,4th,D+8,,
2010,North Carolina,5th,R+15,,
2010,North Carolina,6th,R+18,,
2010,North Carolina,7th,R+5,,
2010,North Carolina,8th,R+2,,
2010,North Carolina,9th,R+11,,
2010,North Carolina,10th,R+17,,
2010,North Carolina,11th,R+6,,
2010,North Carolina,12th,D+16,,
2010,North Carolina,13th,D+5,,
2010,North Dakota,0,R+10,,
2010,Ohio,1st,D+1,,
2010,Ohio,2nd,R+13,,
2010,Ohio,3rd,R+5,,
2010,Ohio,4th,R+15,,
2010,Ohio,5th,R+9,,
2010,Ohio,6th,R+2,,
2010,Ohio,7th,R+7,,
2010,Ohio,8th,R+14,,
2010,Ohio,9th,D+10,,
2010,Ohio,10th,D+8,,
2010,Ohio,11th,D+32,,
2010,Ohio,12th,D+1,,
2010,Ohio,13th,D+5,,
2010,Ohio,14th,R+3,,
2010,Ohio,15th,D+1,,
2010,Ohio,16th,R+4,,
2010,Ohio,17th,D+12,,
2010,Ohio,18th,R+7,,
2010,Oklahoma,1st,R+16,,
2010,Oklahoma,2nd,R+14,,
2010,Oklahoma,3rd,R+24,,
2010,Oklahoma,4th,R+18,,
2010,Oklahoma,5th,R+13,,
2010,Oregon,1st,D+8,,
2010,Oregon,2nd,R+10,,
2010,Oregon,3rd,D+19,,
2010,Oregon,4th,D+2,,
2010,Oregon,5th,D+1,,
2010,Pennsylvania,1st,D+35,,
2010,Pennsylvania,2nd,D+38,,
2010,Pennsylvania,3rd,R+3,,
2010,Pennsylvania,4th,R+6,,
2010,Pennsylvania,5th,R+9,,
2010,Pennsylvania,6th,D+4,,
2010,Pennsylvania,7th,D+3,,
2010,Pennsylvania,8th,D+2,,
2010,Pennsylvania,9th,R+17,,
2010,Pennsylvania,10th,R+8,,
2010,Pennsylvania,11th,D+4,,
2010,Pennsylvania,12th,R+1,,
2010,Pennsylvania,13th,D+7,,
2010,Pennsylvania,14th,D+19,,
2010,Pennsylvania,15th,D+2,,
2010,Pennsylvania,16th,R+8,,
2010,Pennsylvania,17th,R+6,,
2010,Pennsylvania,18th,R+6,,
2010,Pennsylvania,19th,R+12,,
2010,Rhode Island,1st,D+13,,
2010,Rhode Island,2nd,D+9,,
2010,South Carolina,1st,R+10,,
2010,South Carolina,2nd,R+9,,
2010,South Carolina,3rd,R+17,,
2010,South Carolina,4th,R+15,,
2010,South Carolina,5th,R+7,,
2010,South Carolina,6th,D+12,,
2010,South Dakota,0,R+9,,
2010,Tennessee,1st,R+21,,
2010,Tennessee,2nd,R+16,,
2010,Tennessee,3rd,R+13,,
2010,Tennessee,4th,R+13,,
2010,Tennessee,5th,D+3,,
2010,Tennessee,6th,R+13,,
2010,Tennessee,7th,R+18,,
2010,Tennessee,8th,R+6,,
2010,Tennessee,9th,D+23,,
2010,Texas,1st,R+21,,
2010,Texas,2nd,R+13,,
2010,Texas,3rd,R+14,,
2010,Texas,4th,R+21,,
2010,Texas,5th,R+17,,
2010,Texas,6th,R+15,,
2010,Texas,7th,R+13,,
2010,Texas,8th,R+25,,
2010,Texas,9th,D+22,,
2010,Texas,10th,R+10,,
2010,Texas,11th,R+28,,
2010,Texas,12th,R+16,,
2010,Texas,13th,R+29,,
2010,Texas,14th,R+18,,
2010,Texas,15th,D+3,,
2010,Texas,16th,D+10,,
2010,Texas,17th,R+20,,
2010,Texas,18th,D+24,,
2010,Texas,19th,R+26,,
2010,Texas,20th,D+8,,
2010,Texas,21st,R+14,,
2010,Texas,22nd,R+13,,
2010,Texas,23rd,R+4,,
2010,Texas,24th,R+11,,
2010,Texas,25th,D+6,,
2010,Texas,26th,R+13,,
2010,Texas,27th,R+2,,
2010,Texas,28th,0,,
2010,Texas,29th,D+8,,
2010,Texas,30th,D+27,,
2010,Texas,31st,R+14,,
2010,Texas,32nd,R+8,,
2010,Utah,1st,R+21,,
2010,Utah,2nd,R+15,,
2010,Utah,3rd,R+26,,
2010,Vermont,0,D+13,,
2010,Virginia,1st,R+7,,
2010,Virginia,2nd,R+5,,
2010,Virginia,3rd,D+20,,
2010,Virginia,4th,R+4,,
2010,Virginia,5th,R+5,,
2010,Virginia,6th,R+12,,
2010,Virginia,7th,R+9,,
2010,Virginia,8th,D+16,,
2010,Virginia,9th,R+11,,
2010,Virginia,10th,R+2,,
2010,Virginia,11th,D+2,,
2010,Washington,1st,D+9,,
2010,Washington,2nd,D+3,,
2010,Washington,3rd,0,,
2010,Washington,4th,R+13,,
2010,Washington,5th,R+7,,
2010,Washington,6th,D+5,,
2010,Washington,7th,D+31,,
2010,Washington,8th,D+3,,
2010,Washington,9th,D+5,,
2010,West Virginia,1st,R+9,,
2010,West Virginia,2nd,R+8,,
2010,West Virginia,3rd,R+6,,
2010,Wisconsin,1st,R+2,,
2010,Wisconsin,2nd,D+15,,
2010,Wisconsin,3rd,D+4,,
2010,Wisconsin,4th,D+22,,
2010,Wisconsin,5th,R+12,,
2010,Wisconsin,6th,R+4,,
2010,Wisconsin,7th,D+3,,
2010,Wisconsin,8th,R+2,,
2010,Wyoming,0,R+20,,
2012,Alabama,1st,R+15,,
2012,Alabama,2nd,R+16,,
2012,Alabama,3rd,R+16,,
2012,Alabama,4th,R+30,,
2012,Alabama,5th,R+18,,
2012,Alabama,6th,R+26,,
2012,Alabama,7th,D+20,,
2012,Alaska,0,R+9,,
2012,Arizona,1st,R+2,,
2012,Arizona,2nd,R+1,,
2012,Arizona,3rd,D+13,,
2012,Arizona,4th,R+21,,
2012,Arizona,5th,R+15,,
2012,Arizona,6th,R+9,,
2012,Arizona,7th,D+23,,
2012,Arizona,8th,R+13,,
2012,Arizona,9th,D+4,,
2012,Arkansas,1st,R+17,,
2012,Arkansas,2nd,R+7,,
2012,Arkansas,3rd,R+19,,
2012,Arkansas,4th,R+17,,
2012,California,1st,R+11,,
2012,California,2nd,D+22,,
2012,California,3rd,D+5,,
2012,California,4th,R+10,,
2012,California,5th,D+21,,
2012,California,6th,D+21,,
2012,California,7th,D+3,,
2012,California,8th,R+9,,
2012,California,9th,D+8,,
2012,California,10th,0,,
2012,California,11th,D+21,,
2012,California,12th,D+37,,
2012,California,13th,D+40,,
2012,California,14th,D+27,,
2012,California,15th,D+20,,
2012,California,16th,D+9,,
2012,California,17th,D+25,,
2012,California,18th,D+23,,
2012,California,19th,D+24,,
2012,California,20th,D+23,,
2012,California,21st,D+5,,
2012,California,22nd,R+8,,
2012,California,23rd,R+14,,
2012,California,24th,D+7,,
2012,California,25th,0,,
2012,California,26th,D+7,,
2012,California,27th,D+16,,
2012,California,28th,D+23,,
2012,California,29th,D+29,,
2012,California,30th,D+18,,
2012,California,31st,D+8,,
2012,California,32nd,D+17,,
2012,California,33rd,D+16,,
2012,California,34th,D+35,,
2012,California,35th,D+19,,
2012,California,36th,D+2,,
2012,California,37th,D+37,,
2012,California,38th,D+17,,
2012,California,39th,0,,
2012,California,40th,D+33,,
2012,California,41st,D+12,,
2012,California,42nd,R+9,,
2012,California,43rd,D+29,,
2012,California,44th,D+35,,
2012,California,45th,R+3,,
2012,California,46th,D+15,,
2012,California,47th,D+13,,
2012,California,48th,R+4,,
2012,California,49th,R+1,,
2012,California,50th,R+11,,
2012,California,51st,D+22,,
2012,California,52nd,D+6,,
2012,California,53rd,D+14,,
2012,Colorado,1st,D+21,,
2012,Colorado,2nd,D+9,,
2012,Colorado,3rd,R+6,,
2012,Colorado,4th,R+13,,
2012,Colorado,5th,R+14,,
2012,Colorado,6th,D+2,,
2012,Colorado,7th,D+6,,
2012,Connecticut,1st,D+12,,
2012,Connecticut,2nd,D+3,,
2012,Connecticut,3rd,D+9,,
2012,Connecticut,4th,D+7,,
2012,Connecticut,5th,D+2,,
2012,Delaware,0,D+6,,
2012,Florida,1st,R+22,,
2012,Florida,2nd,R+18,,
2012,Florida,3rd,R+9,,
2012,Florida,4th,R+17,,
2012,Florida,5th,D+12,,
2012,Florida,6th,R+7,,
2012,Florida,7th,0,,
2012,Florida,8th,R+11,,
2012,Florida,9th,D+5,,
2012,Florida,10th,D+11,,
2012,Florida,11th,R+15,,
2012,Florida,12th,R+8,,
2012,Florida,13th,D+2,,
2012,Florida,14th,D+7,,
2012,Florida,15th,R+6,,
2012,Florida,16th,R+7,,
2012,Florida,17th,R+13,,
2012,Florida,18th,R+5,,
2012,Florida,19th,R+13,,
2012,Florida,20th,D+31,,
2012,Florida,21st,D+9,,
2012,Florida,22nd,D+6,,
2012,Florida,23rd,D+11,,
2012,Florida,24th,D+34,,
2012,Florida,25th,R+4,,
2012,Florida,26th,D+6,,
2012,Florida,27th,D+5,,
2012,Georgia,1st,R+9,,
2012,Georgia,2nd,D+6,,
2012,Georgia,3rd,R+18,,
2012,Georgia,4th,D+24,,
2012,Georgia,5th,D+34,,
2012,Georgia,6th,R+8,,
2012,Georgia,7th,R+9,,
2012,Georgia,8th,R+15,,
2012,Georgia,9th,R+31,,
2012,Georgia,10th,R+15,,
2012,Georgia,11th,R+17,,
2012,Georgia,12th,R+9,,
2012,Georgia,13th,D+20,,
2012,Georgia,14th,R+27,,
2012,Hawaii,1st,D+17,,
2012,Hawaii,2nd,D+19,,
2012,Idaho,1st,R+21,,
2012,Idaho,2nd,R+17,,
2012,Illinois,1st,D+27,,
2012,Illinois,2nd,D+29,,
2012,Illinois,3rd,D+6,,
2012,Illinois,4th,D+33,,
2012,Illinois,5th,D+20,,
2012,Illinois,6th,R+2,,
2012,Illinois,7th,D+38,,
2012,Illinois,8th,D+8,,
2012,Illinois,9th,D+18,,
2012,Illinois,10th,D+10,,
2012,Illinois,11th,D+9,,
2012,Illinois,12th,R+5,,
2012,Illinois,13th,R+3,,
2012,Illinois,14th,R+5,,
2012,Illinois,15th,R+21,,
2012,Illinois,16th,R+8,,
2012,Illinois,17th,D+3,,
2012,Illinois,18th,R+15,,
2012,Indiana,1st,D+8,,
2012,Indiana,2nd,R+11,,
2012,Indiana,3rd,R+18,,
2012,Indiana,4th,R+17,,
2012,Indiana,5th,R+9,,
2012,Indiana,6th,R+18,,
2012,Indiana,7th,D+11,,
2012,Indiana,8th,R+15,,
2012,Indiana,9th,R+13,,
2012,Iowa,1st,D+1,,
2012,Iowa,2nd,D+1,,
2012,Iowa,3rd,R+1,,
2012,Iowa,4th,R+11,,
2012,Kansas,1st,R+24,,
2012,Kansas,2nd,R+10,,
2012,Kansas,3rd,R+4,,
2012,Kansas,4th,R+15,,
2012,Kentucky,1st,R+23,,
2012,Kentucky,2nd,R+19,,
2012,Kentucky,3rd,D+6,,
2012,Kentucky,4th,R+18,,
2012,Kentucky,5th,R+31,,
2012,Kentucky,6th,R+9,,
2012,Louisiana,1st,R+24,,
2012,Louisiana,2nd,D+25,,
2012,Louisiana,3rd,R+20,,
2012,Louisiana,4th,R+13,,
2012,Louisiana,5th,R+15,,
2012,Louisiana,6th,R+19,,
2012,Maine,1st,D+8,,
2012,Maine,2nd,R+2,,
2012,Maryland,1st,R+14,,
2012,Maryland,2nd,D+11,,
2012,Maryland,3rd,D+13,,
2012,Maryland,4th,D+28,,
2012,Maryland,5th,D+16,,
2012,Maryland,6th,D+6,,
2012,Maryland,7th,D+26,,
2012,Maryland,8th,D+14,,
2012,Massachusetts,1st,D+12,,
2012,Massachusetts,2nd,D+9,,
2012,Massachusetts,3rd,D+9,,
2012,Massachusetts,4th,D+9,,
2012,Massachusetts,5th,D+18,,
2012,Massachusetts,6th,D+6,,
2012,Massachusetts,7th,D+34,,
2012,Massachusetts,8th,D+10,,
2012,Massachusetts,9th,D+4,,
2012,Michigan,1st,R+9,,
2012,Michigan,2nd,R+9,,
2012,Michigan,3rd,R+6,,
2012,Michigan,4th,R+10,,
2012,Michigan,5th,D+5,,
2012,Michigan,6th,R+4,,
2012,Michigan,7th,R+7,,
2012,Michigan,8th,R+4,,
2012,Michigan,9th,D+4,,
2012,Michigan,10th,R+13,,
2012,Michigan,11th,R+4,,
2012,Michigan,12th,D+14,,
2012,Michigan,13th,D+33,,
2012,Michigan,14th,D+30,,
2012,Minnesota,1st,R+5,,
2012,Minnesota,2nd,R+2,,
2012,Minnesota,3rd,D+1,,
2012,Minnesota,4th,D+14,,
2012,Minnesota,5th,D+26,,
2012,Minnesota,6th,R+12,,
2012,Minnesota,7th,R+12,,
2012,Minnesota,8th,R+4,,
2012,Mississippi,1st,R+16,,
2012,Mississippi,2nd,D+14,,
2012,Mississippi,3rd,R+13,,
2012,Mississippi,4th,R+21,,
2012,Missouri,1st,D+29,,
2012,Missouri,2nd,R+8,,
2012,Missouri,3rd,R+18,,
2012,Missouri,4th,R+17,,
2012,Missouri,5th,D+7,,
2012,Missouri,6th,R+16,,
2012,Missouri,7th,R+23,,
2012,Missouri,8th,R+24,,
2012,Montana,0,R+11,,
2012,Nebraska,1st,R+11,,
2012,Nebraska,2nd,R+4,,
2012,Nebraska,3rd,R+27,,
2012,Nevada,1st,D+15,,
2012,Nevada,2nd,R+7,,
2012,Nevada,3rd,R+2,,
2012,Nevada,4th,D+3,,
2012,New Hampshire,1st,R+2,,
2012,New Hampshire,2nd,D+2,,
2012,New Jersey,1st,D+13,,
2012,New Jersey,2nd,R+1,,
2012,New Jersey,3rd,R+2,,
2012,New Jersey,4th,R+8,,
2012,New Jersey,5th,R+3,,
2012,New Jersey,6th,D+9,,
2012,New Jersey,7th,R+3,,
2012,New Jersey,8th,D+27,,
2012,New Jersey,9th,D+16,,
2012,New Jersey,10th,D+36,,
2012,New Jersey,11th,R+3,,
2012,New Jersey,12th,D+16,,
2012,New Mexico,1st,D+7,,
2012,New Mexico,2nd,R+6,,
2012,New Mexico,3rd,D+8,,
2012,New York,1st,R+5,,
2012,New York,2nd,R+3,,
2012,New York,3rd,D+1,,
2012,New York,4th,D+4,,
2012,New York,5th,D+37,,
2012,New York,6th,D+16,,
2012,New York,7th,D+38,,
2012,New York,8th,D+36,,
2012,New York,9th,D+34,,
2012,New York,10th,D+26,,
2012,New York,11th,R+3,,
2012,New York,12th,D+31,,
2012,New York,13th,D+43,,
2012,New York,14th,D+29,,
2012,New York,15th,D+44,,
2012,New York,16th,D+24,,
2012,New York,17th,D+7,,
2012,New York,18th,R+1,,
2012,New York,19th,R+2,,
2012,New York,20th,D+7,,
2012,New York,21st,R+4,,
2012,New York,22nd,R+6,,
2012,New York,23rd,R+6,,
2012,New York,24th,D+3,,
2012,New York,25th,D+8,,
2012,New York,26th,D+11,,
2012,New York,27th,R+11,,
2012,North Carolina,1st,D+17,,
2012,North Carolina,2nd,R+7,,
2012,North Carolina,3rd,R+12,,
2012,North Carolina,4th,D+17,,
2012,North Carolina,5th,R+10,,
2012,North Carolina,6th,R+9,,
2012,North Carolina,7th,R+9,,
2012,North Carolina,8th,R+8,,
2012,North Carolina,9th,R+8,,
2012,North Carolina,10th,R+12,,
2012,North Carolina,11th,R+14,,
2012,North Carolina,12th,D+18,,
2012,North Carolina,13th,R+6,,
2012,North Dakota,0,R+16,,
2012,Ohio,1st,R+5,,
2012,Ohio,2nd,R+9,,
2012,Ohio,3rd,D+19,,
2012,Ohio,4th,R+14,,
2012,Ohio,5th,R+11,,
2012,Ohio,6th,R+16,,
2012,Ohio,7th,R+12,,
2012,Ohio,8th,R+17,,
2012,Ohio,9th,D+14,,
2012,Ohio,10th,R+4,,
2012,Ohio,11th,D+32,,
2012,Ohio,12th,R+7,,
2012,Ohio,13th,D+7,,
2012,Ohio,14th,R+5,,
2012,Ohio,15th,R+7,,
2012,Ohio,16th,R+8,,
2012,Oklahoma,1st,R+17,,
2012,Oklahoma,2nd,R+24,,
2012,Oklahoma,3rd,R+27,,
2012,Oklahoma,4th,R+20,,
2012,Oklahoma,5th,R+10,,
2012,Oregon,1st,D+9,,
2012,Oregon,2nd,R+11,,
2012,Oregon,3rd,D+24,,
2012,Oregon,4th,0,,
2012,Oregon,5th,0,,
2012,Pennsylvania,1st,D+31,,
2012,Pennsylvania,2nd,D+40,,
2012,Pennsylvania,3rd,R+11,,
2012,Pennsylvania,4th,R+11,,
2012,Pennsylvania,5th,R+14,,
2012,Pennsylvania,6th,R+2,,
2012,Pennsylvania,7th,R+1,,
2012,Pennsylvania,8th,R+2,,
2012,Pennsylvania,9th,R+19,,
2012,Pennsylvania,10th,R+16,,
2012,Pennsylvania,11th,R+10,,
2012,Pennsylvania,12th,R+11,,
2012,Pennsylvania,13th,D+15,,
2012,Pennsylvania,14th,D+17,,
2012,Pennsylvania,15th,R+4,,
2012,Pennsylvania,16th,R+5,,
2012,Pennsylvania,17th,R+1,,
2012,Pennsylvania,18th,R+11,,
2012,Rhode Island,1st,D+14,,
2012,Rhode Island,2nd,D+6,,
2012,South Carolina,1st,R+10,,
2012,South Carolina,2nd,R+12,,
2012,South Carolina,3rd,R+19,,
2012,South Carolina,4th,R+15,,
2012,South Carolina,5th,R+9,,
2012,South Carolina,6th,D+19,,
2012,South Carolina,7th,R+9,,
2012,South Dakota,0,R+14,,
2012,Tennessee,1st,R+28,,
2012,Tennessee,2nd,R+20,,
2012,Tennessee,3rd,R+18,,
2012,Tennessee,4th,R+20,,
2012,Tennessee,5th,D+7,,
2012,Tennessee,6th,R+24,,
2012,Tennessee,7th,R+20,,
2012,Tennessee,8th,R+19,,
2012,Tennessee,9th,D+28,,
2012,Texas,1st,R+25,,
2012,Texas,2nd,R+11,,
2012,Texas,3rd,R+13,,
2012,Texas,4th,R+28,,
2012,Texas,5th,R+16,,
2012,Texas,6th,R+9,,
2012,Texas,7th,R+7,,
2012,Texas,8th,R+28,,
2012,Texas,9th,D+29,,
2012,Texas,10th,R+9,,
2012,Texas,11th,R+32,,
2012,Texas,12th,R+18,,
2012,Texas,13th,R+33,,
2012,Texas,14th,R+12,,
2012,Texas,15th,D+7,,
2012,Texas,16th,D+17,,
2012,Texas,17th,R+12,,
2012,Texas,18th,D+27,,
2012,Texas,19th,R+27,,
2012,Texas,20th,D+10,,
2012,Texas,21st,R+10,,
2012,Texas,22nd,R+10,,
2012,Texas,23rd,R+1,,
2012,Texas,24th,R+9,,
2012,Texas,25th,R+11,,
2012,Texas,26th,R+18,,
2012,Texas,27th,R+13,,
2012,Texas,28th,D+9,,
2012,Texas,29th,D+19,,
2012,Texas,30th,D+29,,
2012,Texas,31st,R+10,,
2012,Texas,32nd,R+5,,
2012,Texas,33rd,D+23,,
2012,Texas,34th,D+10,,
2012,Texas,35th,D+15,,
2012,Texas,36th,R+26,,
2012,Utah,1st,R+26,,
2012,Utah,2nd,R+16,,
2012,Utah,3rd,R+25,,
2012,Utah,4th,R+13,,
2012,Vermont,0,D+15,,
2012,Virginia,1st,R+8,,
2012,Virginia,2nd,R+3,,
2012,Virginia,3rd,D+16,,
2012,Virginia,4th,D+10,,
2012,Virginia,5th,R+6,,
2012,Virginia,6th,R+13,,
2012,Virginia,7th,R+6,,
2012,Virginia,8th,D+21,,
2012,Virginia,9th,R+19,,
2012,Virginia,10th,D+1,,
2012,Virginia,11th,D+15,,
2012,Washington,1st,D+6,,
2012,Washington,2nd,D+10,,
2012,Washington,3rd,R+4,,
2012,Washington,4th,R+13,,
2012,Washington,5th,R+8,,
2012,Washington,6th,D+6,,
2012,Washington,7th,D+33,,
2012,Washington,8th,0,,
2012,Washington,9th,D+21,,
2012,Washington,10th,D+5,,
2012,West Virginia,1st,R+19,,
2012,West Virginia,2nd,R+17,,
2012,West Virginia,3rd,R+23,,
2012,Wisconsin,1st,R+5,,
2012,Wisconsin,2nd,D+18,,
2012,Wisconsin,3rd,0,,
2012,Wisconsin,4th,D+25,,
2012,Wisconsin,5th,R+13,,
2012,Wisconsin,6th,R+8,,
2012,Wisconsin,7th,R+8,,
2012,Wisconsin,8th,R+7,,
2012,Wyoming,0,R+25,,
2014,Alabama,1st,R+15,,
2014,Alabama,2nd,R+16,,
2014,Alabama,3rd,R+16,,
2014,Alabama,4th,R+30,,
2014,Alabama,5th,R+18,,
2014,Alabama,6th,R+26,,
2014,Alabama,7th,D+20,,
2014,Alaska,0,R+9,,
2014,Arizona,1st,R+2,,
2014,Arizona,2nd,R+1,,
2014,Arizona,3rd,D+13,,
2014,Arizona,4th,R+21,,
2014,Arizona,5th,R+15,,
2014,Arizona,6th,R+9,,
2014,Arizona,7th,D+23,,
2014,Arizona,8th,R+13,,
2014,Arizona,9th,D+4,,
2014,Arkansas,1st,R+17,,
2014,Arkansas,2nd,R+7,,
2014,Arkansas,3rd,R+19,,
2014,Arkansas,4th,R+17,,
2014,California,1st,R+11,,
2014,California,2nd,D+22,,
2014,California,3rd,D+5,,
2014,California,4th,R+10,,
2014,California,5th,D+21,,
2014,California,6th,D+21,,
2014,California,7th,D+3,,
2014,California,8th,R+9,,
2014,California,9th,D+8,,
2014,California,10th,0,,
2014,California,11th,D+21,,
2014,California,12th,D+37,,
2014,California,13th,D+40,,
2014,California,14th,D+27,,
2014,California,15th,D+20,,
2014,California,16th,D+9,,
2014,California,17th,D+25,,
2014,California,18th,D+23,,
2014,California,19th,D+24,,
2014,California,20th,D+23,,
2014,California,21st,D+5,,
2014,California,22nd,R+8,,
2014,California,23rd,R+14,,
2014,California,24th,D+7,,
2014,California,25th,0,,
2014,California,26th,D+7,,
2014,California,27th,D+16,,
2014,California,28th,D+23,,
2014,California,29th,D+29,,
2014,California,30th,D+18,,
2014,California,31st,D+8,,
2014,California,32nd,D+17,,
2014,California,33rd,D+16,,
2014,California,34th,D+35,,
2014,California,35th,D+19,,
2014,California,36th,D+2,,
2014,California,37th,D+37,,
2014,California,38th,D+17,,
2014,California,39th,0,,
2014,California,40th,D+33,,
2014,California,41st,D+12,,
2014,California,42nd,R+9,,
2014,California,43rd,D+29,,
2014,California,44th,D+35,,
2014,California,45th,R+3,,
2014,California,46th,D+15,,
2014,California,47th,D+13,,
2014,California,48th,R+4,,
2014,California,49th,R+1,,
2014,California,50th,R+11,,
2014,California,51st,D+22,,
2014,California,52nd,D+6,,
2014,California,53rd,D+14,,
2014,Colorado,1st,D+21,,
2014,Colorado,2nd,D+9,,
2014,Colorado,3rd,R+6,,
2014,Colorado,4th,R+13,,
2014,Colorado,5th,R+14,,
2014,Colorado,6th,D+2,,
2014,Colorado,7th,D+6,,
2014,Connecticut,1st,D+12,,
2014,Connecticut,2nd,D+3,,
2014,Connecticut,3rd,D+9,,
2014,Connecticut,4th,D+7,,
2014,Connecticut,5th,D+2,,
2014,Delaware,0,D+6,,
2014,Florida,1st,R+22,,
2014,Florida,2nd,R+18,,
2014,Florida,3rd,R+9,,
2014,Florida,4th,R+17,,
2014,Florida,5th,D+12,,
2014,Florida,6th,R+7,,
2014,Florida,7th,0,,
2014,Florida,8th,R+11,,
2014,Florida,9th,D+5,,
2014,Florida,10th,D+11,,
2014,Florida,11th,R+15,,
2014,Florida,12th,R+8,,
2014,Florida,13th,D+2,,
2014,Florida,14th,D+7,,
2014,Florida,15th,R+6,,
2014,Florida,16th,R+7,,
2014,Florida,17th,R+13,,
2014,Florida,18th,R+5,,
2014,Florida,19th,R+13,,
2014,Florida,20th,D+31,,
2014,Florida,21st,D+9,,
2014,Florida,22nd,D+6,,
2014,Florida,23rd,D+11,,
2014,Florida,24th,D+34,,
2014,Florida,25th,R+4,,
2014,Florida,26th,D+6,,
2014,Florida,27th,D+5,,
2014,Georgia,1st,R+9,,
2014,Georgia,2nd,D+6,,
2014,Georgia,3rd,R+18,,
2014,Georgia,4th,D+24,,
2014,Georgia,5th,D+34,,
2014,Georgia,6th,R+8,,
2014,Georgia,7th,R+9,,
2014,Georgia,8th,R+15,,
2014,Georgia,9th,R+31,,
2014,Georgia,10th,R+15,,
2014,Georgia,11th,R+17,,
2014,Georgia,12th,R+9,,
2014,Georgia,13th,D+20,,
2014,Georgia,14th,R+27,,
2014,Hawaii,1st,D+17,,
2014,Hawaii,2nd,D+19,,
2014,Idaho,1st,R+21,,
2014,Idaho,2nd,R+17,,
2014,Illinois,1st,D+27,,
2014,Illinois,2nd,D+29,,
2014,Illinois,3rd,D+6,,
2014,Illinois,4th,D+33,,
2014,Illinois,5th,D+20,,
2014,Illinois,6th,R+2,,
2014,Illinois,7th,D+38,,
2014,Illinois,8th,D+8,,
2014,Illinois,9th,D+18,,
2014,Illinois,10th,D+10,,
2014,Illinois,11th,D+9,,
2014,Illinois,12th,R+5,,
2014,Illinois,13th,R+3,,
2014,Illinois,14th,R+5,,
2014,Illinois,15th,R+21,,
2014,Illinois,16th,R+8,,
2014,Illinois,17th,D+3,,
2014,Illinois,18th,R+15,,
2014,Indiana,1st,D+8,,
2014,Indiana,2nd,R+11,,
2014,Indiana,3rd,R+18,,
2014,Indiana,4th,R+17,,
2014,Indiana,5th,R+9,,
2014,Indiana,6th,R+18,,
2014,Indiana,7th,D+11,,
2014,Indiana,8th,R+15,,
2014,Indiana,9th,R+13,,
2014,Iowa,1st,D+1,,
2014,Iowa,2nd,D+1,,
2014,Iowa,3rd,R+1,,
2014,Iowa,4th,R+11,,
2014,Kansas,1st,R+24,,
2014,Kansas,2nd,R+10,,
2014,Kansas,3rd,R+4,,
2014,Kansas,4th,R+15,,
2014,Kentucky,1st,R+23,,
2014,Kentucky,2nd,R+19,,
2014,Kentucky,3rd,D+6,,
2014,Kentucky,4th,R+18,,
2014,Kentucky,5th,R+31,,
2014,Kentucky,6th,R+9,,
2014,Louisiana,1st,R+24,,
2014,Louisiana,2nd,D+25,,
2014,Louisiana,3rd,R+20,,
2014,Louisiana,4th,R+13,,
2014,Louisiana,5th,R+15,,
2014,Louisiana,6th,R+19,,
2014,Maine,1st,D+8,,
2014,Maine,2nd,R+2,,
2014,Maryland,1st,R+14,,
2014,Maryland,2nd,D+11,,
2014,Maryland,3rd,D+13,,
2014,Maryland,4th,D+28,,
2014,Maryland,5th,D+16,,
2014,Maryland,6th,D+6,,
2014,Maryland,7th,D+26,,
2014,Maryland,8th,D+14,,
2014,Massachusetts,1st,D+12,,
2014,Massachusetts,2nd,D+9,,
2014,Massachusetts,3rd,D+9,,
2014,Massachusetts,4th,D+9,,
2014,Massachusetts,5th,D+18,,
2014,Massachusetts,6th,D+6,,
2014,Massachusetts,7th,D+34,,
2014,Massachusetts,8th,D+10,,
2014,Massachusetts,9th,D+4,,
2014,Michigan,1st,R+9,,
2014,Michigan,2nd,R+9,,
2014,Michigan,3rd,R+6,,
2014,Michigan,4th,R+10,,
2014,Michigan,5th,D+5,,
2014,Michigan,6th,R+4,,
2014,Michigan,7th,R+7,,
2014,Michigan,8th,R+4,,
2014,Michigan,9th,D+4,,
2014,Michigan,10th,R+13,,
2014,Michigan,11th,R+4,,
2014,Michigan,12th,D+14,,
2014,Michigan,13th,D+33,,
2014,Michigan,14th,D+30,,
2014,Minnesota,1st,R+5,,
2014,Minnesota,2nd,R+2,,
2014,Minnesota,3rd,D+1,,
2014,Minnesota,4th,D+14,,
2014,Minnesota,5th,D+26,,
2014,Minnesota,6th,R+12,,
2014,Minnesota,7th,R+12,,
2014,Minnesota,8th,R+4,,
2014,Mississippi,1st,R+16,,
2014,Mississippi,2nd,D+14,,
2014,Mississippi,3rd,R+13,,
2014,Mississippi,4th,R+21,,
2014,Missouri,1st,D+29,,
2014,Missouri,2nd,R+8,,
2014,Missouri,3rd,R+18,,
2014,Missouri,4th,R+17,,
2014,Missouri,5th,D+7,,
2014,Missouri,6th,R+16,,
2014,Missouri,7th,R+23,,
2014,Missouri,8th,R+24,,
2014,Montana,0,R+11,,
2014,Nebraska,1st,R+11,,
2014,Nebraska,2nd,R+4,,
2014,Nebraska,3rd,R+27,,
2014,Nevada,1st,D+15,,
2014,Nevada,2nd,R+7,,
2014,Nevada,3rd,R+2,,
2014,Nevada,4th,D+3,,
2014,New Hampshire,1st,R+2,,
2014,New Hampshire,2nd,D+2,,
2014,New Jersey,1st,D+13,,
2014,New Jersey,2nd,R+1,,
2014,New Jersey,3rd,R+2,,
2014,New Jersey,4th,R+8,,
2014,New Jersey,5th,R+3,,
2014,New Jersey,6th,D+9,,
2014,New Jersey,7th,R+3,,
2014,New Jersey,8th,D+27,,
2014,New Jersey,9th,D+16,,
2014,New Jersey,10th,D+36,,
2014,New Jersey,11th,R+3,,
2014,New Jersey,12th,D+16,,
2014,New Mexico,1st,D+7,,
2014,New Mexico,2nd,R+6,,
2014,New Mexico,3rd,D+8,,
2014,New York,1st,R+5,,
2014,New York,2nd,R+3,,
2014,New York,3rd,D+1,,
2014,New York,4th,D+4,,
2014,New York,5th,D+37,,
2014,New York,6th,D+16,,
2014,New York,7th,D+38,,
2014,New York,8th,D+36,,
2014,New York,9th,D+34,,
2014,New York,10th,D+26,,
2014,New York,11th,R+3,,
2014,New York,12th,D+31,,
2014,New York,13th,D+43,,
2014,New York,14th,D+29,,
2014,New York,15th,D+44,,
2014,New York,16th,D+24,,
2014,New York,17th,D+7,,
2014,New York,18th,R+1,,
2014,New York,19th,R+2,,
2014,New York,20th,D+7,,
2014,New York,21st,R+4,,
2014,New York,22nd,R+6,,
2014,New York,23rd,R+6,,
2014,New York,24th,D+3,,
2014,New York,25th,D+8,,
2014,New York,26th,D+11,,
2014,New York,27th,R+11,,
2014,North Carolina,1st,D+17,,
2014,North Carolina,2nd,R+7,,
2014,North Carolina,3rd,R+12,,
2014,North Carolina,4th,D+17,,
2014,North Carolina,5th,R+10,,
2014,North Carolina,6th,R+9,,
2014,North Carolina,7th,R+9,,
2014,North Carolina,8th,R+8,,
2014,North Carolina,9th,R+8,,
2014,North Carolina,10th,R+12,,
2014,North Carolina,11th,R+14,,
2014,North Carolina,12th,D+18,,
2014,North Carolina,13th,R+6,,
2014,North Dakota,0,R+16,,
2014,Ohio,1st,R+5,,
2014,Ohio,2nd,R+9,,
2014,Ohio,3rd,D+19,,
2014,Ohio,4th,R+14,,
2014,Ohio,5th,R+11,,
2014,Ohio,6th,R+16,,
2014,Ohio,7th,R+12,,
2014,Ohio,8th,R+17,,
2014,Ohio,9th,D+14,,
2014,Ohio,10th,R+4,,
2014,Ohio,11th,D+32,,
2014,Ohio,12th,R+7,,
2014,Ohio,13th,D+7,,
2014,Ohio,14th,R+5,,
2014,Ohio,15th,R+7,,
2014,Ohio,16th,R+8,,
2014,Oklahoma,1st,R+17,,
2014,Oklahoma,2nd,R+24,,
2014,Oklahoma,3rd,R+27,,
2014,Oklahoma,4th,R+20,,
2014,Oklahoma,5th,R+10,,
2014,Oregon,1st,D+9,,
2014,Oregon,2nd,R+11,,
2014,Oregon,3rd,D+24,,
2014,Oregon,4th,0,,
2014,Oregon,5th,0,,
2014,Pennsylvania,1st,D+31,,
2014,Pennsylvania,2nd,D+40,,
2014,Pennsylvania,3rd,R+11,,
2014,Pennsylvania,4th,R+11,,
2014,Pennsylvania,5th,R+14,,
2014,Pennsylvania,6th,R+2,,
2014,Pennsylvania,7th,R+1,,
2014,Pennsylvania,8th,R+2,,
2014,Pennsylvania,9th,R+19,,
2014,Pennsylvania,10th,R+16,,
2014,Pennsylvania,11th,R+10,,
2014,Pennsylvania,12th,R+11,,
2014,Pennsylvania,13th,D+15,,
2014,Pennsylvania,14th,D+17,,
2014,Pennsylvania,15th,R+4,,
2014,Pennsylvania,16th,R+5,,
2014,Pennsylvania,17th,R+1,,
2014,Pennsylvania,18th,R+11,,
2014,Rhode Island,1st,D+14,,
2014,Rhode Island,2nd,D+6,,
2014,South Carolina,1st,R+10,,
2014,South Carolina,2nd,R+12,,
2014,South Carolina,3rd,R+19,,
2014,South Carolina,4th,R+15,,
2014,South Carolina,5th,R+9,,
2014,South Carolina,6th,D+19,,
2014,South Carolina,7th,R+9,,
2014,South Dakota,0,R+14,,
2014,Tennessee,1st,R+28,,
2014,Tennessee,2nd,R+20,,
2014,Tennessee,3rd,R+18,,
2014,Tennessee,4th,R+20,,
2014,Tennessee,5th,D+7,,
2014,Tennessee,6th,R+24,,
2014,Tennessee,7th,R+20,,
2014,Tennessee,8th,R+19,,
2014,Tennessee,9th,D+28,,
2014,Texas,1st,R+25,,
2014,Texas,2nd,R+11,,
2014,Texas,3rd,R+13,,
2014,Texas,4th,R+28,,
2014,Texas,5th,R+16,,
2014,Texas,6th,R+9,,
2014,Texas,7th,R+7,,
2014,Texas,8th,R+28,,
2014,Texas,9th,D+29,,
2014,Texas,10th,R+9,,
2014,Texas,11th,R+32,,
2014,Texas,12th,R+18,,
2014,Texas,13th,R+33,,
2014,Texas,14th,R+12,,
2014,Texas,15th,D+7,,
2014,Texas,16th,D+17,,
2014,Texas,17th,R+12,,
2014,Texas,18th,D+27,,
2014,Texas,19th,R+27,,
2014,Texas,20th,D+10,,
2014,Texas,21st,R+10,,
2014,Texas,22nd,R+10,,
2014,Texas,23rd,R+1,,
2014,Texas,24th,R+9,,
2014,Texas,25th,R+11,,
2014,Texas,26th,R+18,,
2014,Texas,27th,R+13,,
2014,Texas,28th,D+9,,
2014,Texas,29th,D+19,,
2014,Texas,30th,D+29,,
2014,Texas,31st,R+10,,
2014,Texas,32nd,R+5,,
2014,Texas,33rd,D+23,,
2014,Texas,34th,D+10,,
2014,Texas,35th,D+15,,
2014,Texas,36th,R+26,,
2014,Utah,1st,R+26,,
2014,Utah,2nd,R+16,,
2014,Utah,3rd,R+25,,
2014,Utah,4th,R+13,,
2014,Vermont,0,D+15,,
2014,Virginia,1st,R+8,,
2014,Virginia,2nd,R+3,,
2014,Virginia,3rd,D+16,,
2014,Virginia,4th,D+10,,
2014,Virginia,5th,R+6,,
2014,Virginia,6th,R+13,,
2014,Virginia,7th,R+6,,
2014,Virginia,8th,D+21,,
2014,Virginia,9th,R+19,,
2014,Virginia,10th,D+1,,
2014,Virginia,11th,D+15,,
2014,Washington,1st,D+6,,
2014,Washington,2nd,D+10,,
2014,Washington,3rd,R+4,,
2014,Washington,4th,R+13,,
2014,Washington,5th,R+8,,
2014,Washington,6th,D+6,,
2014,Washington,7th,D+33,,
2014,Washington,8th,0,,
2014,Washington,9th,D+21,,
2014,Washington,10th,D+5,,
2014,West Virginia,1st,R+19,,
2014,West Virginia,2nd,R+17,,
2014,West Virginia,3rd,R+23,,
2014,Wisconsin,1st,R+5,,
2014,Wisconsin,2nd,D+18,,
2014,Wisconsin,3rd,0,,
2014,Wisconsin,4th,D+25,,
2014,Wisconsin,5th,R+13,,
2014,Wisconsin,6th,R+8,,
2014,Wisconsin,7th,R+8,,
2014,Wisconsin,8th,R+7,,
2014,Wyoming,0,R+25,,
2016,Alabama,1st,R+15,,
2016,Alabama,2nd,R+16,,
2016,Alabama,3rd,R+16,,
2016,Alabama,4th,R+30,,
2016,Alabama,5th,R+18,,
2016,Alabama,6th,R+26,,
2016,Alabama,7th,D+20,,
2016,Alaska,0,R+9,,
2016,Arizona,1st,R+2,,
2016,Arizona,2nd,R+1,,
2016,Arizona,3rd,D+13,,
2016,Arizona,4th,R+21,,
2016,Arizona,5th,R+15,,
2016,Arizona,6th,R+9,,
2016,Arizona,7th,D+23,,
2016,Arizona,8th,R+13,,
2016,Arizona,9th,D+4,,
2016,Arkansas,1st,R+17,,
2016,Arkansas,2nd,R+7,,
2016,Arkansas,3rd,R+19,,
2016,Arkansas,4th,R+17,,
2016,California,1st,R+11,,
2016,California,2nd,D+22,,
2016,California,3rd,D+5,,
2016,California,4th,R+10,,
2016,California,5th,D+21,,
2016,California,6th,D+21,,
2016,California,7th,D+3,,
2016,California,8th,R+9,,
2016,California,9th,D+8,,
2016,California,10th,0,,
2016,California,11th,D+21,,
2016,California,12th,D+37,,
2016,California,13th,D+40,,
2016,California,14th,D+27,,
2016,California,15th,D+20,,
2016,California,16th,D+9,,
2016,California,17th,D+25,,
2016,California,18th,D+23,,
2016,California,19th,D+24,,
2016,California,20th,D+23,,
2016,California,21st,D+5,,
2016,California,22nd,R+8,,
2016,California,23rd,R+14,,
2016,California,24th,D+7,,
2016,California,25th,0,,
2016,California,26th,D+7,,
2016,California,27th,D+16,,
2016,California,28th,D+23,,
2016,California,29th,D+29,,
2016,California,30th,D+18,,
2016,California,31st,D+8,,
2016,California,32nd,D+17,,
2016,California,33rd,D+16,,
2016,California,34th,D+35,,
2016,California,35th,D+19,,
2016,California,36th,D+2,,
2016,California,37th,D+37,,
2016,California,38th,D+17,,
2016,California,39th,0,,
2016,California,40th,D+33,,
2016,California,41st,D+12,,
2016,California,42nd,R+9,,
2016,California,43rd,D+29,,
2016,California,44th,D+35,,
2016,California,45th,R+3,,
2016,California,46th,D+15,,
2016,California,47th,D+13,,
2016,California,48th,R+4,,
2016,California,49th,R+1,,
2016,California,50th,R+11,,
2016,California,51st,D+22,,
2016,California,52nd,D+6,,
2016,California,53rd,D+14,,
2016,Colorado,1st,D+21,,
2016,Colorado,2nd,D+9,,
2016,Colorado,3rd,R+6,,
2016,Colorado,4th,R+13,,
2016,Colorado,5th,R+14,,
2016,Colorado,6th,D+2,,
2016,Colorado,7th,D+6,,
2016,Connecticut,1st,D+12,,
2016,Connecticut,2nd,D+3,,
2016,Connecticut,3rd,D+9,,
2016,Connecticut,4th,D+7,,
2016,Connecticut,5th,D+2,,
2016,Delaware,0,D+6,,
2016,Florida,1st,R+22,,
2016,Florida,2nd,R+18,,
2016,Florida,3rd,R+9,,
2016,Florida,4th,R+17,,
2016,Florida,5th,D+12,,
2016,Florida,6th,R+7,,
2016,Florida,7th,0,,
2016,Florida,8th,R+11,,
2016,Florida,9th,D+5,,
2016,Florida,10th,D+11,,
2016,Florida,11th,R+15,,
2016,Florida,12th,R+8,,
2016,Florida,13th,D+2,,
2016,Florida,14th,D+7,,
2016,Florida,15th,R+6,,
2016,Florida,16th,R+7,,
2016,Florida,17th,R+13,,
2016,Florida,18th,R+5,,
2016,Florida,19th,R+13,,
2016,Florida,20th,D+31,,
2016,Florida,21st,D+9,,
2016,Florida,22nd,D+6,,
2016,Florida,23rd,D+11,,
2016,Florida,24th,D+34,,
2016,Florida,25th,R+4,,
2016,Florida,26th,D+6,,
2016,Florida,27th,D+5,,
2016,Georgia,1st,R+9,,
2016,Georgia,2nd,D+6,,
2016,Georgia,3rd,R+18,,
2016,Georgia,4th,D+24,,
2016,Georgia,5th,D+34,,
2016,Georgia,6th,R+8,,
2016,Georgia,7th,R+9,,
2016,Georgia,8th,R+15,,
2016,Georgia,9th,R+31,,
2016,Georgia,10th,R+15,,
2016,Georgia,11th,R+17,,
2016,Georgia,12th,R+9,,
2016,Georgia,13th,D+20,,
2016,Georgia,14th,R+27,,
2016,Hawaii,1st,D+17,,
2016,Hawaii,2nd,D+19,,
2016,Idaho,1st,R+21,,
2016,Idaho,2nd,R+17,,
2016,Illinois,1st,D+27,,
2016,Illinois,2nd,D+29,,
2016,Illinois,3rd,D+6,,
2016,Illinois,4th,D+33,,
2016,Illinois,5th,D+20,,
2016,Illinois,6th,R+2,,
2016,Illinois,7th,D+38,,
2016,Illinois,8th,D+8,,
2016,Illinois,9th,D+18,,
2016,Illinois,10th,D+10,,
2016,Illinois,11th,D+9,,
2016,Illinois,12th,R+5,,
2016,Illinois,13th,R+3,,
2016,Illinois,14th,R+5,,
2016,Illinois,15th,R+21,,
2016,Illinois,16th,R+8,,
2016,Illinois,17th,D+3,,
2016,Illinois,18th,R+15,,
2016,Indiana,1st,D+8,,
2016,Indiana,2nd,R+11,,
2016,Indiana,3rd,R+18,,
2016,Indiana,4th,R+17,,
2016,Indiana,5th,R+9,,
2016,Indiana,6th,R+18,,
2016,Indiana,7th,D+11,,
2016,Indiana,8th,R+15,,
2016,Indiana,9th,R+13,,
2016,Iowa,1st,D+1,,
2016,Iowa,2nd,D+1,,
2016,Iowa,3rd,R+1,,
2016,Iowa,4th,R+11,,
2016,Kansas,1st,R+24,,
2016,Kansas,2nd,R+10,,
2016,Kansas,3rd,R+4,,
2016,Kansas,4th,R+15,,
2016,Kentucky,1st,R+23,,
2016,Kentucky,2nd,R+19,,
2016,Kentucky,3rd,D+6,,
2016,Kentucky,4th,R+18,,
2016,Kentucky,5th,R+31,,
2016,Kentucky,6th,R+9,,
2016,Louisiana,1st,R+24,,
2016,Louisiana,2nd,D+25,,
2016,Louisiana,3rd,R+20,,
2016,Louisiana,4th,R+13,,
2016,Louisiana,5th,R+15,,
2016,Louisiana,6th,R+19,,
2016,Maine,1st,D+8,,
2016,Maine,2nd,R+2,,
2016,Maryland,1st,R+14,,
2016,Maryland,2nd,D+11,,
2016,Maryland,3rd,D+13,,
2016,Maryland,4th,D+28,,
2016,Maryland,5th,D+16,,
2016,Maryland,6th,D+6,,
2016,Maryland,7th,D+26,,
2016,Maryland,8th,D+14,,
2016,Massachusetts,1st,D+12,,
2016,Massachusetts,2nd,D+9,,
2016,Massachusetts,3rd,D+9,,
2016,Massachusetts,4th,D+9,,
2016,Massachusetts,5th,D+18,,
2016,Massachusetts,6th,D+6,,
2016,Massachusetts,7th,D+34,,
2016,Massachusetts,8th,D+10,,
2016,Massachusetts,9th,D+4,,
2016,Michigan,1st,R+9,,
2016,Michigan,2nd,R+9,,
2016,Michigan,3rd,R+6,,
2016,Michigan,4th,R+10,,
2016,Michigan,5th,D+5,,
2016,Michigan,6th,R+4,,
2016,Michigan,7th,R+7,,
2016,Michigan,8th,R+4,,
2016,Michigan,9th,D+4,,
2016,Michigan,10th,R+13,,
2016,Michigan,11th,R+4,,
2016,Michigan,12th,D+14,,
2016,Michigan,13th,D+33,,
2016,Michigan,14th,D+30,,
2016,Minnesota,1st,R+5,,
2016,Minnesota,2nd,R+2,,
2016,Minnesota,3rd,D+1,,
2016,Minnesota,4th,D+14,,
2016,Minnesota,5th,D+26,,
2016,Minnesota,6th,R+12,,
2016,Minnesota,7th,R+12,,
2016,Minnesota,8th,R+4,,
2016,Mississippi,1st,R+16,,
2016,Mississippi,2nd,D+14,,
2016,Mississippi,3rd,R+13,,
2016,Mississippi,4th,R+21,,
2016,Missouri,1st,D+29,,
2016,Missouri,2nd,R+8,,
2016,Missouri,3rd,R+18,,
2016,Missouri,4th,R+17,,
2016,Missouri,5th,D+7,,
2016,Missouri,6th,R+16,,
2016,Missouri,7th,R+23,,
2016,Missouri,8th,R+24,,
2016,Montana,0,R+11,,
2016,Nebraska,1st,R+11,,
2016,Nebraska,2nd,R+4,,
2016,Nebraska,3rd,R+27,,
2016,Nevada,1st,D+15,,
2016,Nevada,2nd,R+7,,
2016,Nevada,3rd,R+2,,
2016,Nevada,4th,D+3,,
2016,New Hampshire,1st,R+2,,
2016,New Hampshire,2nd,D+2,,
2016,New Jersey,1st,D+13,,
2016,New Jersey,2nd,R+1,,
2016,New Jersey,3rd,R+2,,
2016,New Jersey,4th,R+8,,
2016,New Jersey,5th,R+3,,
2016,New Jersey,6th,D+9,,
2016,New Jersey,7th,R+3,,
2016,New Jersey,8th,D+27,,
2016,New Jersey,9th,D+16,,
2016,New Jersey,10th,D+36,,
2016,New Jersey,11th,R+3,,
2016,New Jersey,12th,D+16,,
2016,New Mexico,1st,D+7,,
2016,New Mexico,2nd,R+6,,
2016,New Mexico,3rd,D+8,,
2016,New York,1st,R+5,,
2016,New York,2nd,R+3,,
2016,New York,3rd,D+1,,
2016,New York,4th,D+4,,
2016,New York,5th,D+37,,
2016,New York,6th,D+16,,
2016,New York,7th,D+38,,
2016,New York,8th,D+36,,
2016,New York,9th,D+34,,
2016,New York,10th,D+26,,
2016,New York,11th,R+3,,
2016,New York,12th,D+31,,
2016,New York,13th,D+43,,
2016,New York,14th,D+29,,
2016,New York,15th,D+44,,
2016,New York,16th,D+24,,
2016,New York,17th,D+7,,
2016,New York,18th,R+1,,
2016,New York,19th,R+2,,
2016,New York,20th,D+7,,
2016,New York,21st,R+4,,
2016,New York,22nd,R+6,,
2016,New York,23rd,R+6,,
2016,New York,24th,D+3,,
2016,New York,25th,D+8,,
2016,New York,26th,D+11,,
2016,New York,27th,R+11,,
2016,North Carolina,1st,D+17,,
2016,North Carolina,2nd,R+7,,
2016,North Carolina,3rd,R+12,,
2016,North Carolina,4th,D+17,,
2016,North Carolina,5th,R+10,,
2016,North Carolina,6th,R+9,,
2016,North Carolina,7th,R+9,,
2016,North Carolina,8th,R+8,,
2016,North Carolina,9th,R+8,,
2016,North Carolina,10th,R+12,,
2016,North Carolina,11th,R+14,,
2016,North Carolina,12th,D+18,,
2016,North Carolina,13th,R+6,,
2016,North Dakota,0,R+16,,
2016,Ohio,1st,R+5,,
2016,Ohio,2nd,R+9,,
2016,Ohio,3rd,D+19,,
2016,Ohio,4th,R+14,,
2016,Ohio,5th,R+11,,
2016,Ohio,6th,R+16,,
2016,Ohio,7th,R+12,,
2016,Ohio,8th,R+17,,
2016,Ohio,9th,D+14,,
2016,Ohio,10th,R+4,,
2016,Ohio,11th,D+32,,
2016,Ohio,12th,R+7,,
2016,Ohio,13th,D+7,,
2016,Ohio,14th,R+5,,
2016,Ohio,15th,R+7,,
2016,Ohio,16th,R+8,,
2016,Oklahoma,1st,R+17,,
2016,Oklahoma,2nd,R+24,,
2016,Oklahoma,3rd,R+27,,
2016,Oklahoma,4th,R+20,,
2016,Oklahoma,5th,R+10,,
2016,Oregon,1st,D+9,,
2016,Oregon,2nd,R+11,,
2016,Oregon,3rd,D+24,,
2016,Oregon,4th,0,,
2016,Oregon,5th,0,,
2016,Pennsylvania,1st,D+31,,
2016,Pennsylvania,2nd,D+40,,
2016,Pennsylvania,3rd,R+11,,
2016,Pennsylvania,4th,R+11,,
2016,Pennsylvania,5th,R+14,,
2016,Pennsylvania,6th,R+2,,
2016,Pennsylvania,7th,R+1,,
2016,Pennsylvania,8th,R+2,,
2016,Pennsylvania,9th,R+19,,
2016,Pennsylvania,10th,R+16,,
2016,Pennsylvania,11th,R+10,,
2016,Pennsylvania,12th,R+11,,
2016,Pennsylvania,13th,D+15,,
2016,Pennsylvania,14th,D+17,,
2016,Pennsylvania,15th,R+4,,
2016,Pennsylvania,16th,R+5,,
2016,Pennsylvania,17th,R+1,,
2016,Pennsylvania,18th,R+11,,
2016,Rhode Island,1st,D+14,,
2016,Rhode Island,2nd,D+6,,
2016,South Carolina,1st,R+10,,
2016,South Carolina,2nd,R+12,,
2016,South Carolina,3rd,R+19,,
2016,South Carolina,4th,R+15,,
2016,South Carolina,5th,R+9,,
2016,South Carolina,6th,D+19,,
2016,South Carolina,7th,R+9,,
2016,South Dakota,0,R+14,,
2016,Tennessee,1st,R+28,,
2016,Tennessee,2nd,R+20,,
2016,Tennessee,3rd,R+18,,
2016,Tennessee,4th,R+20,,
2016,Tennessee,5th,D+7,,
2016,Tennessee,6th,R+24,,
2016,Tennessee,7th,R+20,,
2016,Tennessee,8th,R+19,,
2016,Tennessee,9th,D+28,,
2016,Texas,1st,R+25,,
2016,Texas,2nd,R+11,,
2016,Texas,3rd,R+13,,
2016,Texas,4th,R+28,,
2016,Texas,5th,R+16,,
2016,Texas,6th,R+9,,
2016,Texas,7th,R+7,,
2016,Texas,8th,R+28,,
2016,Texas,9th,D+29,,
2016,Texas,10th,R+9,,
2016,Texas,11th,R+32,,
2016,Texas,12th,R+18,,
2016,Texas,13th,R+33,,
2016,Texas,14th,R+12,,
2016,Texas,15th,D+7,,
2016,Texas,16th,D+17,,
2016,Texas,17th,R+12,,
2016,Texas,18th,D+27,,
2016,Texas,19th,R+27,,
2016,Texas,20th,D+10,,
2016,Texas,21st,R+10,,
2016,Texas,22nd,R+10,,
2016,Texas,23rd,R+1,,
2016,Texas,24th,R+9,,
2016,Texas,25th,R+11,,
2016,Texas,26th,R+18,,
2016,Texas,27th,R+13,,
2016,Texas,28th,D+9,,
2016,Texas,29th,D+19,,
2016,Texas,30th,D+29,,
2016,Texas,31st,R+10,,
2016,Texas,32nd,R+5,,
2016,Texas,33rd,D+23,,
2016,Texas,34th,D+10,,
2016,Texas,35th,D+15,,
2016,Texas,36th,R+26,,
2016,Utah,1st,R+26,,
2016,Utah,2nd,R+16,,
2016,Utah,3rd,R+25,,
2016,Utah,4th,R+13,,
2016,Vermont,0,D+15,,
2016,Virginia,1st,R+8,,
2016,Virginia,2nd,R+3,,
2016,Virginia,3rd,D+16,,
2016,Virginia,4th,D+10,,
2016,Virginia,5th,R+6,,
2016,Virginia,6th,R+13,,
2016,Virginia,7th,R+6,,
2016,Virginia,8th,D+21,,
2016,Virginia,9th,R+19,,
2016,Virginia,10th,D+1,,
2016,Virginia,11th,D+15,,
2016,Washington,1st,D+6,,
2016,Washington,2nd,D+10,,
2016,Washington,3rd,R+4,,
2016,Washington,4th,R+13,,
2016,Washington,5th,R+8,,
2016,Washington,6th,D+6,,
2016,Washington,7th,D+33,,
2016,Washington,8th,0,,
2016,Washington,9th,D+21,,
2016,Washington,10th,D+5,,
2016,West Virginia,1st,R+19,,
2016,West Virginia,2nd,R+17,,
2016,West Virginia,3rd,R+23,,
2016,Wisconsin,1st,R+5,,
2016,Wisconsin,2nd,D+18,,
2016,Wisconsin,3rd,0,,
2016,Wisconsin,4th,D+25,,
2016,Wisconsin,5th,R+13,,
2016,Wisconsin,6th,R+8,,
2016,Wisconsin,7th,R+8,,
2016,Wisconsin,8th,R+7,,
2016,Wyoming,0,R+25,,
2018,Alabama,1,R+16,,
2018,Alabama,2,R+17,,
2018,Alabama,3,R+18,,
2018,Alabama,4,R+34,,
2018,Alabama,5,R+17,,
2018,Alabama,6,R+22,,
2018,Alabama,7,D+19,,
2018,Alaska,0,R+9,,
2018,Arizona,1,R+2,,
2018,Arizona,2,D+2,,
2018,Arizona,3,D+13,,
2018,Arizona,4,R+22,,
2018,Arizona,5,R+11,,
2018,Arizona,6,R+5,,
2018,Arizona,7,D+24,,
2018,Arizona,8,R+11,,
2018,Arizona,9,D+9,,
2018,Arkansas,1,R+21,,
2018,Arkansas,2,R+7,,
2018,Arkansas,3,R+17,,
2018,Arkansas,4,R+20,,
2018,California,10,0,,
2018,California,11,D+24,,
2018,California,12,D+38,,
2018,California,13,D+40,,
2018,California,14,D+28,,
2018,California,15,D+22,,
2018,California,16,D+9,,
2018,California,17,D+24,,
2018,California,18,D+27,,
2018,California,19,D+23,,
2018,California,1,R+11,,
2018,California,20,D+23,,
2018,California,21,D+5,,
2018,California,22,R+6,,
2018,California,23,R+12,,
2018,California,24,D+10,,
2018,California,25,D+3,,
2018,California,26,D+10,,
2018,California,27,D+18,,
2018,California,28,D+23,,
2018,California,29,D+27,,
2018,California,2,D+23,,
2018,California,30,D+20,,
2018,California,31,D+9,,
2018,California,32,D+17,,
2018,California,33,D+19,,
2018,California,34,D+34,,
2018,California,35,D+17,,
2018,California,36,D+4,,
2018,California,37,D+36,,
2018,California,38,D+17,,
2018,California,39,D+3,,
2018,California,3,D+5,,
2018,California,40,D+31,,
2018,California,41,D+12,,
2018,California,42,R+7,,
2018,California,43,D+29,,
2018,California,44,D+32,,
2018,California,45,D+3,,
2018,California,46,D+16,,
2018,California,47,D+14,,
2018,California,48,R+1,,
2018,California,49,D+4,,
2018,California,4,R+8,,
2018,California,50,R+8,,
2018,California,51,D+20,,
2018,California,52,D+12,,
2018,California,53,D+17,,
2018,California,5,D+22,,
2018,California,6,D+21,,
2018,California,7,D+5,,
2018,California,8,R+8,,
2018,California,9,D+8,,
2018,Colorado,1,D+24,,
2018,Colorado,2,D+12,,
2018,Colorado,3,R+6,,
2018,Colorado,4,R+12,,
2018,Colorado,5,R+12,,
2018,Colorado,6,D+6,,
2018,Colorado,7,D+7,,
2018,Connecticut,1,D+11,,
2018,Connecticut,2,D+2,,
2018,Connecticut,3,D+8,,
2018,Connecticut,4,D+12,,
2018,Connecticut,5,D+2,,
2018,Delaware,0,D+6,,
2018,Florida,10,D+12,,
2018,Florida,11,R+18,,
2018,Florida,12,R+11,,
2018,Florida,13,0,,
2018,Florida,14,D+7,,
2018,Florida,15,R+6,,
2018,Florida,16,R+7,,
2018,Florida,17,R+16,,
2018,Florida,18,R+6,,
2018,Florida,19,R+12,,
2018,Florida,1,R+20,,
2018,Florida,20,D+28,,
2018,Florida,21,D+8,,
2018,Florida,22,D+6,,
2018,Florida,23,D+9,,
2018,Florida,24,D+28,,
2018,Florida,25,R+8,,
2018,Florida,26,D+1,,
2018,Florida,27,D+4,,
2018,Florida,2,R+20,,
2018,Florida,3,R+9,,
2018,Florida,4,R+14,,
2018,Florida,5,D+12,,
2018,Florida,6,R+10,,
2018,Florida,7,D+3,,
2018,Florida,8,R+12,,
2018,Florida,9,D+3,,
2018,Georgia,10,R+13,,
2018,Georgia,11,R+12,,
2018,Georgia,12,R+9,,
2018,Georgia,13,D+23,,
2018,Georgia,14,R+28,,
2018,Georgia,1,R+9,,
2018,Georgia,2,D+4,,
2018,Georgia,3,R+16,,
2018,Georgia,4,D+27,,
2018,Georgia,5,D+36,,
2018,Georgia,6,D+1,,
2018,Georgia,7,R+2,,
2018,Georgia,8,R+15,,
2018,Georgia,9,R+30,,
2018,Hawaii,1,D+14,,
2018,Hawaii,2,D+15,,
2018,Idaho,1,R+22,,
2018,Idaho,2,R+15,,
2018,Illinois,10,D+14,,
2018,Illinois,11,D+11,,
2018,Illinois,12,R+9,,
2018,Illinois,13,R+4,,
2018,Illinois,14,R+2,,
2018,Illinois,15,R+26,,
2018,Illinois,16,R+10,,
2018,Illinois,17,R+2,,
2018,Illinois,18,R+15,,
2018,Illinois,1,D+25,,
2018,Illinois,2,D+28,,
2018,Illinois,3,D+6,,
2018,Illinois,4,D+33,,
2018,Illinois,5,D+22,,
2018,Illinois,6,D+3,,
2018,Illinois,7,D+37,,
2018,Illinois,8,D+9,,
2018,Illinois,9,D+21,,
2018,Indiana,1,D+4,,
2018,Indiana,2,R+13,,
2018,Indiana,3,R+19,,
2018,Indiana,4,R+18,,
2018,Indiana,5,R+5,,
2018,Indiana,6,R+22,,
2018,Indiana,7,D+11,,
2018,Indiana,8,R+19,,
2018,Indiana,9,R+15,,
2018,Iowa,1,R+4,,
2018,Iowa,2,R+4,,
2018,Iowa,3,R+3,,
2018,Iowa,4,R+16,,
2018,Kansas,1,R+24,,
2018,Kansas,2,R+10,,
2018,Kansas,3,D+1,,
2018,Kansas,4,R+15,,
2018,Kentucky,1,R+26,,
2018,Kentucky,2,R+22,,
2018,Kentucky,3,D+8,,
2018,Kentucky,4,R+19,,
2018,Kentucky,5,R+33,,
2018,Kentucky,6,R+8,,
2018,Louisiana,1,R+22,,
2018,Louisiana,2,D+25,,
2018,Louisiana,3,R+21,,
2018,Louisiana,4,R+14,,
2018,Louisiana,5,R+17,,
2018,Louisiana,6,R+18,,
2018,Maine,1,D+8,,
2018,Maine,2,R+6,,
2018,Maryland,1,R+14,,
2018,Maryland,2,D+13,,
2018,Maryland,3,D+16,,
2018,Maryland,4,D+29,,
2018,Maryland,5,D+16,,
2018,Maryland,6,D+8,,
2018,Maryland,7,D+27,,
2018,Maryland,8,D+17,,
2018,Massachusetts,1,D+10,,
2018,Massachusetts,2,D+10,,
2018,Massachusetts,3,D+12,,
2018,Massachusetts,4,D+13,,
2018,Massachusetts,5,D+23,,
2018,Massachusetts,6,D+10,,
2018,Massachusetts,7,D+35,,
2018,Massachusetts,8,D+14,,
2018,Massachusetts,9,D+6,,
2018,Michigan,10,R+18,,
2018,Michigan,11,R+2,,
2018,Michigan,12,D+13,,
2018,Michigan,13,D+29,,
2018,Michigan,14,D+29,,
2018,Michigan,1,R+12,,
2018,Michigan,2,R+9,,
2018,Michigan,3,R+5,,
2018,Michigan,4,R+14,,
2018,Michigan,5,D+1,,
2018,Michigan,6,R+5,,
2018,Michigan,7,R+10,,
2018,Michigan,8,R+4,,
2018,Michigan,9,D+4,,
2018,Minnesota,1,R+8,,
2018,Minnesota,2,0,,
2018,Minnesota,3,D+6,,
2018,Minnesota,4,D+16,,
2018,Minnesota,5,D+29,,
2018,Minnesota,6,R+14,,
2018,Minnesota,7,R+17,,
2018,Minnesota,8,R+10,,
2018,Mississippi,1,R+18,,
2018,Mississippi,2,D+13,,
2018,Mississippi,3,R+13,,
2018,Mississippi,4,R+22,,
2018,Missouri,1,D+29,,
2018,Missouri,2,R+4,,
2018,Missouri,3,R+21,,
2018,Missouri,4,R+20,,
2018,Missouri,5,D+7,,
2018,Missouri,6,R+18,,
2018,Missouri,7,R+24,,
2018,Missouri,8,R+30,,
2018,Montana,0,R+11,,
2018,Nebraska,1,R+11,,
2018,Nebraska,2,R+1,,
2018,Nebraska,3,R+30,,
2018,Nevada,1,D+12,,
2018,Nevada,2,R+8,,
2018,Nevada,3,R+2,,
2018,Nevada,4,D+1,,
2018,New Hampshire,1,R+1,,
2018,New Hampshire,2,D+1,,
2018,New Jersey,10,D+34,,
2018,New Jersey,11,0,,
2018,New Jersey,12,D+16,,
2018,New Jersey,1,D+11,,
2018,New Jersey,2,R+4,,
2018,New Jersey,3,R+3,,
2018,New Jersey,4,R+8,,
2018,New Jersey,5,R+1,,
2018,New Jersey,6,D+6,,
2018,New Jersey,7,D+1,,
2018,New Jersey,8,D+24,,
2018,New Jersey,9,D+13,,
2018,New Mexico,1,D+9,,
2018,New Mexico,2,R+8,,
2018,New Mexico,3,D+7,,
2018,New York,10,D+27,,
2018,New York,11,R+7,,
2018,New York,12,D+34,,
2018,New York,13,D+40,,
2018,New York,14,D+25,,
2018,New York,15,D+39,,
2018,New York,16,D+25,,
2018,New York,17,D+9,,
2018,New York,18,R+1,,
2018,New York,19,R+3,,
2018,New York,1,R+6,,
2018,New York,20,D+7,,
2018,New York,21,R+8,,
2018,New York,22,R+9,,
2018,New York,23,R+9,,
2018,New York,24,D+2,,
2018,New York,25,D+8,,
2018,New York,26,D+10,,
2018,New York,27,R+12,,
2018,New York,2,R+5,,
2018,New York,3,D+3,,
2018,New York,4,D+4,,
2018,New York,5,D+34,,
2018,New York,6,D+13,,
2018,New York,7,D+34,,
2018,New York,8,D+33,,
2018,New York,9,D+32,,
2018,North Carolina,10,R+21,,
2018,North Carolina,11,R+9,,
2018,North Carolina,12,D+19,,
2018,North Carolina,13,R+20,,
2018,North Carolina,1,D+3,,
2018,North Carolina,2,D+12,,
2018,North Carolina,3,R+14,,
2018,North Carolina,4,D+16,,
2018,North Carolina,5,R+20,,
2018,North Carolina,6,D+10,,
2018,North Carolina,7,R+11,,
2018,North Carolina,8,R+6,,
2018,North Carolina,9,R+6,,
2018,North Dakota,0,R+20,,
2018,Ohio,10,R+5,,
2018,Ohio,11,D+30,,
2018,Ohio,12,R+6,,
2018,Ohio,13,D+1,,
2018,Ohio,14,R+7,,
2018,Ohio,15,R+9,,
2018,Ohio,16,R+10,,
2018,Ohio,1,R+4,,
2018,Ohio,2,R+9,,
2018,Ohio,3,D+19,,
2018,Ohio,4,R+20,,
2018,Ohio,5,R+15,,
2018,Ohio,6,R+24,,
2018,Ohio,7,R+18,,
2018,Ohio,8,R+19,,
2018,Ohio,9,D+9,,
2018,Oklahoma,1,R+15,,
2018,Oklahoma,2,R+29,,
2018,Oklahoma,3,R+29,,
2018,Oklahoma,4,R+20,,
2018,Oklahoma,5,R+7,,
2018,Oregon,1,D+12,,
2018,Oregon,2,R+11,,
2018,Oregon,3,D+24,,
2018,Oregon,4,R+1,,
2018,Oregon,5,D+2,,
2018,Pennsylvania,10,R+5,,
2018,Pennsylvania,11,R+14,,
2018,Pennsylvania,12,R+20,,
2018,Pennsylvania,13,R+25,,
2018,Pennsylvania,14,R+16,,
2018,Pennsylvania,15,R+24,,
2018,Pennsylvania,16,R+12,,
2018,Pennsylvania,17,R+2,,
2018,Pennsylvania,18,D+13,,
2018,Pennsylvania,1,0,,
2018,Pennsylvania,2,D+21,,
2018,Pennsylvania,3,D+41,,
2018,Pennsylvania,4,D+9,,
2018,Pennsylvania,5,D+13,,
2018,Pennsylvania,6,D+5,,
2018,Pennsylvania,7,0,,
2018,Pennsylvania,8,R+5,,
2018,Pennsylvania,9,R+18,,
2018,Rhode Island,1,D+12,,
2018,Rhode Island,2,D+4,,
2018,South Carolina,1,R+7,,
2018,South Carolina,2,R+9,,
2018,South Carolina,3,R+21,,
2018,South Carolina,4,R+14,,
2018,South Carolina,5,R+11,,
2018,South Carolina,6,D+17,,
2018,South Carolina,7,R+11,,
2018,South Dakota,0,R+16,,
2018,Tennessee,1,R+30,,
2018,Tennessee,2,R+18,,
2018,Tennessee,3,R+19,,
2018,Tennessee,4,R+22,,
2018,Tennessee,5,D+9,,
2018,Tennessee,6,R+26,,
2018,Tennessee,7,R+21,,
2018,Tennessee,8,R+19,,
2018,Tennessee,9,D+28,,
2018,Texas,10,R+5,,
2018,Texas,11,R+32,,
2018,Texas,12,R+15,,
2018,Texas,13,R+33,,
2018,Texas,14,R+12,,
2018,Texas,15,D+3,,
2018,Texas,16,D+18,,
2018,Texas,17,R+9,,
2018,Texas,18,D+26,,
2018,Texas,19,R+26,,
2018,Texas,1,R+25,,
2018,Texas,20,D+13,,
2018,Texas,21,R+8,,
2018,Texas,22,R+4,,
2018,Texas,23,R+1,,
2018,Texas,24,R+2,,
2018,Texas,25,R+8,,
2018,Texas,26,R+12,,
2018,Texas,27,R+14,,
2018,Texas,28,D+5,,
2018,Texas,29,D+19,,
2018,Texas,2,R+4,,
2018,Texas,30,D+29,,
2018,Texas,31,R+6,,
2018,Texas,32,D+1,,
2018,Texas,33,D+23,,
2018,Texas,34,D+5,,
2018,Texas,35,D+17,,
2018,Texas,36,R+25,,
2018,Texas,3,R+6,,
2018,Texas,4,R+28,,
2018,Texas,5,R+15,,
2018,Texas,6,R+6,,
2018,Texas,7,D+1,,
2018,Texas,8,R+25,,
2018,Texas,9,D+27,,
2018,Utah,1,R+20,,
2018,Utah,2,R+10,,
2018,Utah,3,R+17,,
2018,Utah,4,R+6,,
2018,Vermont,0,D+15,,
2018,Virginia,10,D+6,,
2018,Virginia,11,D+19,,
2018,Virginia,1,R+6,,
2018,Virginia,2,R+1,,
2018,Virginia,3,D+16,,
2018,Virginia,4,D+10,,
2018,Virginia,5,R+7,,
2018,Virginia,6,R+14,,
2018,Virginia,7,R+3,,
2018,Virginia,8,D+27,,
2018,Virginia,9,R+23,,
2018,Washington,10,D+5,,
2018,Washington,1,D+8,,
2018,Washington,2,D+11,,
2018,Washington,3,R+5,,
2018,Washington,4,R+13,,
2018,Washington,5,R+8,,
2018,Washington,6,D+6,,
2018,Washington,7,D+36,,
2018,Washington,8,D+1,,
2018,Washington,9,D+23,,
2018,West Virginia,1,R+22,,
2018,West Virginia,2,R+20,,
2018,West Virginia,3,R+27,,
2018,Wisconsin,1,R+7,,
2018,Wisconsin,2,D+18,,
2018,Wisconsin,3,R+4,,
2018,Wisconsin,4,D+25,,
2018,Wisconsin,5,R+11,,
2018,Wisconsin,6,R+10,,
2018,Wisconsin,7,R+12,,
2018,Wisconsin,8,R+10,,
2018,Wyoming,0,R+26,,
2020,Alabama,1,R+16,,
2020,Alabama,2,R+17,,
2020,Alabama,3,R+18,,
2020,Alabama,4,R+34,,
2020,Alabama,5,R+17,,
2020,Alabama,6,R+22,,
2020,Alabama,7,D+19,,
2020,Alaska,0,R+9,,
2020,Arizona,1,R+2,,
2020,Arizona,2,D+2,,
2020,Arizona,3,D+13,,
2020,Arizona,4,R+22,,
2020,Arizona,5,R+11,,
2020,Arizona,6,R+5,,
2020,Arizona,7,D+24,,
2020,Arizona,8,R+11,,
2020,Arizona,9,D+9,,
2020,Arkansas,1,R+21,,
2020,Arkansas,2,R+7,,
2020,Arkansas,3,R+17,,
2020,Arkansas,4,R+20,,
2020,California,10,0,,
2020,California,11,D+24,,
2020,California,12,D+38,,
2020,California,13,D+40,,
2020,California,14,D+28,,
2020,California,15,D+22,,
2020,California,16,D+9,,
2020,California,17,D+24,,
2020,California,18,D+27,,
2020,California,19,D+23,,
2020,California,1,R+11,,
2020,California,20,D+23,,
2020,California,21,D+5,,
2020,California,22,R+6,,
2020,California,23,R+12,,
2020,California,24,D+10,,
2020,California,25,D+3,,
2020,California,26,D+10,,
2020,California,27,D+18,,
2020,California,28,D+23,,
2020,California,29,D+27,,
2020,California,2,D+23,,
2020,California,30,D+20,,
2020,California,31,D+9,,
2020,California,32,D+17,,
2020,California,33,D+19,,
2020,California,34,D+34,,
2020,California,35,D+17,,
2020,California,36,D+4,,
2020,California,37,D+36,,
2020,California,38,D+17,,
2020,California,39,D+3,,
2020,California,3,D+5,,
2020,California,40,D+31,,
2020,California,41,D+12,,
2020,California,42,R+7,,
2020,California,43,D+29,,
2020,California,44,D+32,,
2020,California,45,D+3,,
2020,California,46,D+16,,
2020,California,47,D+14,,
2020,California,48,R+1,,
2020,California,49,D+4,,
2020,California,4,R+8,,
2020,California,50,R+8,,
2020,California,51,D+20,,
2020,California,52,D+12,,
2020,California,53,D+17,,
2020,California,5,D+22,,
2020,California,6,D+21,,
2020,California,7,D+5,,
2020,California,8,R+8,,
2020,California,9,D+8,,
2020,Colorado,1,D+24,,
2020,Colorado,2,D+12,,
2020,Colorado,3,R+6,,
2020,Colorado,4,R+12,,
2020,Colorado,5,R+12,,
2020,Colorado,6,D+6,,
2020,Colorado,7,D+7,,
2020,Connecticut,1,D+11,,
2020,Connecticut,2,D+2,,
2020,Connecticut,3,D+8,,
2020,Connecticut,4,D+12,,
2020,Connecticut,5,D+2,,
2020,Delaware,0,D+6,,
2020,Florida,10,D+12,,
2020,Florida,11,R+18,,
2020,Florida,12,R+11,,
2020,Florida,13,0,,
2020,Florida,14,D+7,,
2020,Florida,15,R+6,,
2020,Florida,16,R+7,,
2020,Florida,17,R+16,,
2020,Florida,18,R+6,,
2020,Florida,19,R+12,,
2020,Florida,1,R+20,,
2020,Florida,20,D+28,,
2020,Florida,21,D+8,,
2020,Florida,22,D+6,,
2020,Florida,23,D+9,,
2020,Florida,24,D+28,,
2020,Florida,25,R+8,,
2020,Florida,26,D+1,,
2020,Florida,27,D+4,,
2020,Florida,2,R+20,,
2020,Florida,3,R+9,,
2020,Florida,4,R+14,,
2020,Florida,5,D+12,,
2020,Florida,6,R+10,,
2020,Florida,7,D+3,,
2020,Florida,8,R+12,,
2020,Florida,9,D+3,,
2020,Georgia,10,R+13,,
2020,Georgia,11,R+12,,
2020,Georgia,12,R+9,,
2020,Georgia,13,D+23,,
2020,Georgia,14,R+28,,
2020,Georgia,1,R+9,,
2020,Georgia,2,D+4,,
2020,Georgia,3,R+16,,
2020,Georgia,4,D+27,,
2020,Georgia,5,D+36,,
2020,Georgia,6,D+1,,
2020,Georgia,7,R+2,,
2020,Georgia,8,R+15,,
2020,Georgia,9,R+30,,
2020,Hawaii,1,D+14,,
2020,Hawaii,2,D+15,,
2020,Idaho,1,R+22,,
2020,Idaho,2,R+15,,
2020,Illinois,10,D+14,,
2020,Illinois,11,D+11,,
2020,Illinois,12,R+9,,
2020,Illinois,13,R+4,,
2020,Illinois,14,R+2,,
2020,Illinois,15,R+26,,
2020,Illinois,16,R+10,,
2020,Illinois,17,R+2,,
2020,Illinois,18,R+15,,
2020,Illinois,1,D+25,,
2020,Illinois,2,D+28,,
2020,Illinois,3,D+6,,
2020,Illinois,4,D+33,,
2020,Illinois,5,D+22,,
2020,Illinois,6,D+3,,
2020,Illinois,7,D+37,,
2020,Illinois,8,D+9,,
2020,Illinois,9,D+21,,
2020,Indiana,1,D+4,,
2020,Indiana,2,R+13,,
2020,Indiana,3,R+19,,
2020,Indiana,4,R+18,,
2020,Indiana,5,R+5,,
2020,Indiana,6,R+22,,
2020,Indiana,7,D+11,,
2020,Indiana,8,R+19,,
2020,Indiana,9,R+15,,
2020,Iowa,1,R+4,,
2020,Iowa,2,R+4,,
2020,Iowa,3,R+3,,
2020,Iowa,4,R+16,,
2020,Kansas,1,R+24,,
2020,Kansas,2,R+10,,
2020,Kansas,3,D+1,,
2020,Kansas,4,R+15,,
2020,Kentucky,1,R+26,,
2020,Kentucky,2,R+22,,
2020,Kentucky,3,D+8,,
2020,Kentucky,4,R+19,,
2020,Kentucky,5,R+33,,
2020,Kentucky,6,R+8,,
2020,Louisiana,1,R+22,,
2020,Louisiana,2,D+25,,
2020,Louisiana,3,R+21,,
2020,Louisiana,4,R+14,,
2020,Louisiana,5,R+17,,
2020,Louisiana,6,R+18,,
2020,Maine,1,D+8,,
2020,Maine,2,R+6,,
2020,Maryland,1,R+14,,
2020,Maryland,2,D+13,,
2020,Maryland,3,D+16,,
2020,Maryland,4,D+29,,
2020,Maryland,5,D+16,,
2020,Maryland,6,D+8,,
2020,Maryland,7,D+27,,
2020,Maryland,8,D+17,,
2020,Massachusetts,1,D+10,,
2020,Massachusetts,2,D+10,,
2020,Massachusetts,3,D+12,,
2020,Massachusetts,4,D+13,,
2020,Massachusetts,5,D+23,,
2020,Massachusetts,6,D+10,,
2020,Massachusetts,7,D+35,,
2020,Massachusetts,8,D+14,,
2020,Massachusetts,9,D+6,,
2020,Michigan,10,R+18,,
2020,Michigan,11,R+2,,
2020,Michigan,12,D+13,,
2020,Michigan,13,D+29,,
2020,Michigan,14,D+29,,
2020,Michigan,1,R+12,,
2020,Michigan,2,R+9,,
2020,Michigan,3,R+5,,
2020,Michigan,4,R+14,,
2020,Michigan,5,D+1,,
2020,Michigan,6,R+5,,
2020,Michigan,7,R+10,,
2020,Michigan,8,R+4,,
2020,Michigan,9,D+4,,
2020,Minnesota,1,R+8,,
2020,Minnesota,2,0,,
2020,Minnesota,3,D+6,,
2020,Minnesota,4,D+16,,
2020,Minnesota,5,D+29,,
2020,Minnesota,6,R+14,,
2020,Minnesota,7,R+17,,
2020,Minnesota,8,R+10,,
2020,Mississippi,1,R+18,,
2020,Mississippi,2,D+13,,
2020,Mississippi,3,R+13,,
2020,Mississippi,4,R+22,,
2020,Missouri,1,D+29,,
2020,Missouri,2,R+4,,
2020,Missouri,3,R+21,,
2020,Missouri,4,R+20,,
2020,Missouri,5,D+7,,
2020,Missouri,6,R+18,,
2020,Missouri,7,R+24,,
2020,Missouri,8,R+30,,
2020,Montana,0,R+11,,
2020,Nebraska,1,R+11,,
2020,Nebraska,2,R+1,,
2020,Nebraska,3,R+30,,
2020,Nevada,1,D+12,,
2020,Nevada,2,R+8,,
2020,Nevada,3,R+2,,
2020,Nevada,4,D+1,,
2020,New Hampshire,1,R+1,,
2020,New Hampshire,2,D+1,,
2020,New Jersey,10,D+34,,
2020,New Jersey,11,0,,
2020,New Jersey,12,D+16,,
2020,New Jersey,1,D+11,,
2020,New Jersey,2,R+4,,
2020,New Jersey,3,R+3,,
2020,New Jersey,4,R+8,,
2020,New Jersey,5,R+1,,
2020,New Jersey,6,D+6,,
2020,New Jersey,7,D+1,,
2020,New Jersey,8,D+24,,
2020,New Jersey,9,D+13,,
2020,New Mexico,1,D+9,,
2020,New Mexico,2,R+8,,
2020,New Mexico,3,D+7,,
2020,New York,10,D+27,,
2020,New York,11,R+7,,
2020,New York,12,D+34,,
2020,New York,13,D+40,,
2020,New York,14,D+25,,
2020,New York,15,D+39,,
2020,New York,16,D+25,,
2020,New York,17,D+9,,
2020,New York,18,R+1,,
2020,New York,19,R+3,,
2020,New York,1,R+6,,
2020,New York,20,D+7,,
2020,New York,21,R+8,,
2020,New York,22,R+9,,
2020,New York,23,R+9,,
2020,New York,24,D+2,,
2020,New York,25,D+8,,
2020,New York,26,D+10,,
2020,New York,27,R+12,,
2020,New York,2,R+5,,
2020,New York,3,D+3,,
2020,New York,4,D+4,,
2020,New York,5,D+34,,
2020,New York,6,D+13,,
2020,New York,7,D+34,,
2020,New York,8,D+33,,
2020,New York,9,D+32,,
2020,North Carolina,10,R+21,,
2020,North Carolina,11,R+9,,
2020,North Carolina,12,D+19,,
2020,North Carolina,13,R+20,,
2020,North Carolina,1,D+3,,
2020,North Carolina,2,D+12,,
2020,North Carolina,3,R+14,,
2020,North Carolina,4,D+16,,
2020,North Carolina,5,R+20,,
2020,North Carolina,6,D+10,,
2020,North Carolina,7,R+11,,
2020,North Carolina,8,R+6,,
2020,North Carolina,9,R+6,,
2020,North Dakota,0,R+20,,
2020,Ohio,10,R+5,,
2020,Ohio,11,D+30,,
2020,Ohio,12,R+6,,
2020,Ohio,13,D+1,,
2020,Ohio,14,R+7,,
2020,Ohio,15,R+9,,
2020,Ohio,16,R+10,,
2020,Ohio,1,R+4,,
2020,Ohio,2,R+9,,
2020,Ohio,3,D+19,,
2020,Ohio,4,R+20,,
2020,Ohio,5,R+15,,
2020,Ohio,6,R+24,,
2020,Ohio,7,R+18,,
2020,Ohio,8,R+19,,
2020,Ohio,9,D+9,,
2020,Oklahoma,1,R+15,,
2020,Oklahoma,2,R+29,,
2020,Oklahoma,3,R+29,,
2020,Oklahoma,4,R+20,,
2020,Oklahoma,5,R+7,,
2020,Oregon,1,D+12,,
2020,Oregon,2,R+11,,
2020,Oregon,3,D+24,,
2020,Oregon,4,R+1,,
2020,Oregon,5,D+2,,
2020,Pennsylvania,10,R+5,,
2020,Pennsylvania,11,R+14,,
2020,Pennsylvania,12,R+20,,
2020,Pennsylvania,13,R+25,,
2020,Pennsylvania,14,R+16,,
2020,Pennsylvania,15,R+24,,
2020,Pennsylvania,16,R+12,,
2020,Pennsylvania,17,R+2,,
2020,Pennsylvania,18,D+13,,
2020,Pennsylvania,1,0,,
2020,Pennsylvania,2,D+21,,
2020,Pennsylvania,3,D+41,,
2020,Pennsylvania,4,D+9,,
2020,Pennsylvania,5,D+13,,
2020,Pennsylvania,6,D+5,,
2020,Pennsylvania,7,0,,
2020,Pennsylvania,8,R+5,,
2020,Pennsylvania,9,R+18,,
2020,Rhode Island,1,D+12,,
2020,Rhode Island,2,D+4,,
2020,South Carolina,1,R+7,,
2020,South Carolina,2,R+9,,
2020,South Carolina,3,R+21,,
2020,South Carolina,4,R+14,,
2020,South Carolina,5,R+11,,
2020,South Carolina,6,D+17,,
2020,South Carolina,7,R+11,,
2020,South Dakota,0,R+16,,
2020,Tennessee,1,R+30,,
2020,Tennessee,2,R+18,,
2020,Tennessee,3,R+19,,
2020,Tennessee,4,R+22,,
2020,Tennessee,5,D+9,,
2020,Tennessee,6,R+26,,
2020,Tennessee,7,R+21,,
2020,Tennessee,8,R+19,,
2020,Tennessee,9,D+28,,
2020,Texas,10,R+5,,
2020,Texas,11,R+32,,
2020,Texas,12,R+15,,
2020,Texas,13,R+33,,
2020,Texas,14,R+12,,
2020,Texas,15,D+3,,
2020,Texas,16,D+18,,
2020,Texas,17,R+9,,
2020,Texas,18,D+26,,
2020,Texas,19,R+26,,
2020,Texas,1,R+25,,
2020,Texas,20,D+13,,
2020,Texas,21,R+8,,
2020,Texas,22,R+4,,
2020,Texas,23,R+1,,
2020,Texas,24,R+2,,
2020,Texas,25,R+8,,
2020,Texas,26,R+12,,
2020,Texas,27,R+14,,
2020,Texas,28,D+5,,
2020,Texas,29,D+19,,
2020,Texas,2,R+4,,
2020,Texas,30,D+29,,
2020,Texas,31,R+6,,
2020,Texas,32,D+1,,
2020,Texas,33,D+23,,
2020,Texas,34,D+5,,
2020,Texas,35,D+17,,
2020,Texas,36,R+25,,
2020,Texas,3,R+6,,
2020,Texas,4,R+28,,
2020,Texas,5,R+15,,
2020,Texas,6,R+6,,
2020,Texas,7,D+1,,
2020,Texas,8,R+25,,
2020,Texas,9,D+27,,
2020,Utah,1,R+20,,
2020,Utah,2,R+10,,
2020,Utah,3,R+17,,
2020,Utah,4,R+6,,
2020,Vermont,0,D+15,,
2020,Virginia,10,D+6,,
2020,Virginia,11,D+19,,
2020,Virginia,1,R+6,,
2020,Virginia,2,R+1,,
2020,Virginia,3,D+16,,
2020,Virginia,4,D+10,,
2020,Virginia,5,R+7,,
2020,Virginia,6,R+14,,
2020,Virginia,7,R+3,,
2020,Virginia,8,D+27,,
2020,Virginia,9,R+23,,
2020,Washington,10,D+5,,
2020,Washington,1,D+8,,
2020,Washington,2,D+11,,
2020,Washington,3,R+5,,
2020,Washington,4,R+13,,
2020,Washington,5,R+8,,
2020,Washington,6,D+6,,
2020,Washington,7,D+36,,
2020,Washington,8,D+1,,
2020,Washington,9,D+23,,
2020,West Virginia,1,R+22,,
2020,West Virginia,2,R+20,,
2020,West Virginia,3,R+27,,
2020,Wisconsin,1,R+7,,
2020,Wisconsin,2,D+18,,
2020,Wisconsin,3,R+4,,
2020,Wisconsin,4,D+25,,
2020,Wisconsin,5,R+11,,
2020,Wisconsin,6,R+10,,
2020,Wisconsin,7,R+12,,
2020,Wisconsin,8,R+10,,
2020,Wyoming,0,R+26,,